  0.81911923192558134       0.82995270296416113       0.82108623009914172       0.77372795423043284       0.61685780765174136       0.21647567999989353        3.5820199680132628E-002   6.5542717708245973E-003   1.9842293577339428E-003   1.3276198694118608E-003   1.6647752688454564E-003   2.8239961017887082E-003   5.3944112609816165E-003   1.1249611822755605E-002   2.8752828338179087E-002   9.7252490309623990E-002  0.35065194941304345       0.61215408802426297       0.70051447221455221       0.68881362199089424       0.57339656746375400       0.28750252459967229        6.2202763921260083E-002   1.2333361934379001E-002   2.8559377808694583E-003   8.9305044556414119E-004   4.0534822839887906E-004   2.6240654510212405E-004   2.4648846268091561E-004   3.2517278233239048E-004   4.9286312137709226E-004   6.8553193407892984E-004   7.7280732830756779E-004   7.0557774184821088E-004   5.6761548264182824E-004   4.4949938870202680E-004   3.7374490311278363E-004   3.2412836072945745E-004   3.0156831646160784E-004   3.6082599326884294E-004   6.4063429796546193E-004   1.3641658663875466E-003   2.5221756752725733E-003   3.1659804733344754E-003   2.4176640289589116E-003   1.3849771621594761E-003   9.7127946931734402E-004   1.9299966272398965E-003   9.1296999816518950E-003   5.4192887910174257E-002  0.29268605653735963       0.59769936912538024       0.70037113444318377       0.68166658947211389       0.55526532339485435       0.33237756579277328       0.17473297019687073       0.12374830641430656       0.13684287146547217       0.22660477527373471       0.42159649018364209       0.61649251568964658       0.73060977274862404       0.78967006550709062     
  0.82087718232647722       0.83310699191466819       0.82736319711867434       0.78637234468269190       0.64537607459410429       0.26231399307848230        4.4066305536509226E-002   7.5071636051731181E-003   1.7262039819395806E-003   7.0478239372052639E-004   5.7898728047198558E-004   7.6127631167364975E-004   1.3023694236209834E-003   2.9789232336254008E-003   1.0329988564273716E-002   5.1498952164792874E-002  0.27534428320860899       0.60135596957095283       0.71832718556410513       0.72547608714310896       0.64721170327611877       0.42414057693759899       0.12512856524119317        2.8291833680163091E-002   7.8667755512764875E-003   3.2616943143721684E-003   1.9136609276864346E-003   1.4201502695073407E-003   1.3477924883063853E-003   1.6461427451604136E-003   2.2423867642319801E-003   2.7003679118531459E-003   2.4301284389693558E-003   1.6699064833286606E-003   1.0218282991907408E-003   6.4509392854340418E-004   4.6278151942881084E-004   4.0548939263731251E-004   4.9588524669775071E-004   9.3468381503734822E-004   2.3233300388266539E-003   5.8014257453333235E-003   1.1136244797411954E-002   1.2606380651896279E-002   7.2090523353525856E-003   2.7497511003055945E-003   1.0747229663016255E-003   1.1056582223160016E-003   4.3260401042669785E-003   2.4718479939351896E-002  0.14113176914230918       0.47387146765449989       0.66223459627186809       0.70336474434018537       0.66798599678636805       0.58239095651080597       0.48804722222603786       0.42601210101025222       0.41346326923020610       0.46035942324102758       0.56026380596129777       0.66605943453694028       0.74369560985548977       0.79283622134957188     
  0.81698869268728891       0.83363986208998142       0.83430610480462031       0.80866467731910474       0.71598112785378287       0.44602346155986455       0.10930606540729577        2.3730562323856189E-002   6.5086876233912084E-003   2.5297476682182123E-003   1.5039712972909692E-003   1.3070450102382896E-003   1.5797209132273411E-003   3.1453103703272087E-003   1.1665406982813166E-002   6.2927734139979513E-002  0.33595579591854208       0.64519515264779181       0.75071737546917727       0.76319591823639121       0.71451457233824545       0.57042287084510102       0.28298025028799956        8.2662596274200945E-002   2.9169426943790676E-002   1.5631301863712158E-002   1.0984530107953534E-002   8.9759673741501601E-003   8.7501010925156268E-003   1.0438632740889369E-002   1.3763455242497719E-002   1.6034750545416109E-002   1.3660882444601737E-002   8.7833143928234235E-003   5.0475679382536547E-003   2.9993254865222085E-003   2.0428632576973693E-003   1.7574357873156850E-003   2.2184691108956679E-003   4.4190773456612665E-003   1.1684734667540409E-002   3.1157926967744515E-002   6.0709149933926627E-002   6.2881848934791817E-002   2.8291984707699433E-002   7.7678966646134960E-003   1.9652126354358875E-003   8.6374193001249042E-004   2.0457545079476300E-003   1.0606778080568065E-002   6.1023883629427247E-002  0.29832804888728659       0.58654777171168071       0.69109776748705820       0.70327006495175071       0.67445611004904382       0.62812348732230128       0.57950383051828946       0.54053135800941354       0.53098297664314897       0.57255808399680919       0.65254100828379091       0.72978918861775965       0.78420025380756764     
  0.80963083163458138       0.83192439595882561       0.83943957566918725       0.82919280076212698       0.78317049962511831       0.64822959317017137       0.35186785028358031       0.10948952095371951        3.6404817144408998E-002   1.5083305115219931E-002   8.8154306229049802E-003   7.0984653611314910E-003   7.4336737012758751E-003   1.1445928683217102E-002   3.1742974843239895E-002  0.13381632786428954       0.48033873015511264       0.70565964441664220       0.77878202622670967       0.78611892115561999       0.74982121021127679       0.65313829066651263       0.45552283540799277       0.22283359660109064       0.11475618821435372        8.0970043308609865E-002   6.7378275153850503E-002   6.0427155426218571E-002   6.0539601071259656E-002   7.0221460810377320E-002   8.8444825061682456E-002   9.9808014461929828E-002   8.3406520502713230E-002   5.3284444324942046E-002   3.0253863499191742E-002   1.7623143895413237E-002   1.1800092657960275E-002   9.9855068844677247E-003   1.2268050670614638E-002   2.3738933982142024E-002   6.2456898652975774E-002  0.16582650353013145       0.30224053930973327       0.28319492737908075       0.11189747425982001        2.4236379815411380E-002   4.8948140167148109E-003   1.2977636055784541E-003   1.2827887608741256E-003   5.1218466906094787E-003   2.8369769001625578E-002  0.15510787970363293       0.47978353102349691       0.64445863680945104       0.67853073745324866       0.65366335716672064       0.59792944304978857       0.52655772361992903       0.45661654545168262       0.42094532529369366       0.46256820037996949       0.57883152212033251       0.69372943515745955       0.76776454453605891     
  0.79980566459642854       0.82780389336284521       0.84081622402990053       0.84124264880129984       0.82366858598386727       0.77052559546175903       0.64729818313915211       0.43490518916472332       0.20343494190497127        9.4033916712448373E-002   5.7893617792793658E-002   4.6713515417827617E-002   4.6685004307485470E-002   6.1349741279400703E-002  0.12473593251306600       0.34403615275166355       0.62236466212754205       0.75054320552985054       0.79204930038803167       0.79056897715793961       0.75404685470887767       0.67080295740984197       0.52687292624941062       0.37614452166970852       0.32147410130223397       0.33613768960372392       0.35389547201361077       0.35807877610304401       0.36803722394925992       0.39931813686257667       0.43855455977400859       0.44914122405638340       0.39934667523723433       0.29008340358057177       0.17503755269797372       0.10507583964373109        7.2505802402459837E-002   6.1907837372967685E-002   7.2941811627452613E-002  0.12780683824652109       0.28552029068535922       0.49455878942597697       0.59971907102473387       0.55669886055839679       0.31474685053465223        7.2779280865689008E-002   1.4919675047102756E-002   3.8678800669277118E-003   2.1326510220734994E-003   4.2872120527701592E-003   1.8637351937718139E-002   9.6642507143529940E-002  0.37352867765392739       0.55760528777668694       0.57603230434830688       0.50141681750201261       0.38164900445976513       0.26347463789390801       0.18600992053150248       0.16715572767171955       0.23503443536206381       0.43053989476019583       0.63372238790067026       0.74514025973382736     
  0.78707138682459643       0.82073236848536524       0.83769557650810222       0.84434917636841633       0.84060396286922279       0.82161071057735080       0.77741649973756566       0.69642219319329179       0.57609260170973420       0.44267753639022478       0.33850729495638110       0.28747938412458252       0.28099961825186953       0.32088832538262557       0.42772084615760431       0.58381124082977620       0.70565364659991681       0.76520322297380783       0.78426380285670538       0.77298463749166535       0.72594618077901174       0.62667081180780071       0.47824108595429560       0.37820864134628629       0.40980822073667372       0.51004678559792160       0.58635125452518622       0.62246870971801649       0.63655682934368862       0.64290833221919530       0.64341235453527579       0.63319345969917396       0.60808223112399196       0.56539679370625562       0.50568862103636003       0.43634004584743225       0.37264889521219180       0.34134866073675652       0.37108223320886635       0.46967857036780097       0.59795940229430578       0.69530401338274472       0.73457943308990403       0.70295228958858025       0.54554672258179693       0.22109317132266298        5.7707230090117204E-002   1.7908317795807115E-002   9.4308085492757990E-003   1.0595112134112317E-002   2.5647670562205578E-002   9.4255130124953804E-002  0.29712316289913010       0.41061479254053362       0.34403355732212554       0.19669921069767929        9.6603834190360408E-002   5.3782047472663651E-002   3.7573833691698741E-002   3.9606949448744051E-002   7.9817650988226282E-002  0.24965516867058865       0.54965881494430424       0.71564267823536087     
  0.76751188641747981       0.80891361676226003       0.82950270426384631       0.83995807734453132       0.84274633224999684       0.83692038770186561       0.81961051103625593       0.78748008425095850       0.73989307187266684       0.68462537162398829       0.63825764625115067       0.61256411149871048       0.60471639068558170       0.61190927603904122       0.63832629745389591       0.67905518263673015       0.71504389344765218       0.73637501236353053       0.73960002469097597       0.71509212366138231       0.64139861011365029       0.48960009771798368       0.29894791013937888       0.21947063710451450       0.28896082248204963       0.45547292866522637       0.59337194669920401       0.66107458834817523       0.67762368465325895       0.66027991020395049       0.62258618158681867       0.58717975506137843       0.57971606564887934       0.60366522977669035       0.63216215385136876       0.64040735621398570       0.63335919842227006       0.62991147201872821       0.64794471662249364       0.68984061052003476       0.73917374015535353       0.77655695363889965       0.79201799018256713       0.77662229666908578       0.70431248023068282       0.51953976145740544       0.24432028942958142        9.9644605884463250E-002   5.8263622014040027E-002   5.3182721270032166E-002   7.7296033828932270E-002  0.15508959899750471       0.25608107543392072       0.22459077518193810       0.11175843651020233        4.4831520852092556E-002   1.8975622608341437E-002   1.0043590099473955E-002   7.5986976453951216E-003   1.0382502667920618E-002   2.9485305431902795E-002  0.12613918116433059       0.43886010019370708       0.67149272800070181     
  0.73032095824799237       0.78824771946739813       0.81516325414115720       0.82937079087668120       0.83610730360647834       0.83605605182110365       0.82833131499649792       0.81212589929307122       0.78854929028186616       0.76251636560466840       0.74141457426559632       0.72805247783120364       0.71728112671654520       0.70259129537185017       0.68125866169448923       0.65487005426542211       0.63133839685526261       0.61699167500582941       0.60053426455224723       0.55192624336118945       0.42959951405110625       0.23194214212719919        9.8080999687375450E-002   6.3809256717877905E-002   9.3996110885512532E-002  0.21247859033922117       0.40108704184693261       0.52431870842722672       0.54640518989078413       0.48376697803807395       0.37505580517942277       0.29637813350864373       0.31143061279695028       0.43327736686565516       0.59181277382650321       0.68424458969578905       0.72137155999491553       0.73772168999987398       0.75296032793068779       0.77303342735321412       0.79467458860539686       0.81193607132905343       0.82018249945899357       0.81475472480850852       0.78667681899396369       0.71877318080814057       0.59823174486521313       0.45502870253195632       0.34106686858956881       0.29278409782965908       0.29988510154922504       0.31260563250452150       0.24485352899544710       0.10807322107294955        3.4843014435360163E-002   1.1168897617283079E-002   4.1924861870105620E-003   2.1639125382459804E-003   1.8921564122912199E-003   3.4893867171874060E-003   1.2417409691717585E-002   6.0480541057842417E-002  0.28365520793437204       0.58801088823204561     
  0.65538557698200794       0.75239305398138978       0.79384654580624670       0.81448546307412761       0.82530845918466123       0.82899594271123400       0.82571830257932111       0.81560076326272735       0.80021718517922236       0.78309793589489141       0.76769781845106877       0.75297699027888210       0.73142889400293465       0.69013287634141218       0.61163978237838879       0.49123421341134083       0.37255406817063030       0.29850845389839076       0.25538550226262258       0.20080054279063839       0.12114889442123675        5.4621361300849137E-002   2.3022374280322729E-002   1.4849009201809425E-002   2.1034948048156678E-002   4.8052567399602016E-002  0.11196747196874852       0.19866016634085307       0.21506415217901656       0.14398328282552803        7.9420029575284823E-002   5.4647404539001979E-002   6.7156452648048121E-002  0.16068981111623812       0.44449061710894844       0.66107581054044251       0.74489906971310982       0.77696933527582768       0.79395201248807767       0.80762375677847686       0.81999586236807309       0.82984591429015342       0.83533459373277308       0.83439983343544744       0.82413291714928838       0.80028351159901001       0.75970339109087814       0.70714228860200778       0.65430308119309399       0.60969871216166216       0.56199191615518029       0.46362000388158958       0.25100915227153181        6.7782494352282147E-002   1.6067366423374814E-002   4.1834342723197256E-003   1.3519900760249866E-003   6.5937975046461773E-004   6.4479261025332730E-004   1.3949874999908487E-003   5.1985065958766712E-003   2.5048186143175992E-002  0.12609525111158179       0.42607415425723211     
  0.52298715097246029       0.69657358346403997       0.76726324887029773       0.79925412852677247       0.81552375121958498       0.82262410577429934       0.82219491808360123       0.81503195237387971       0.80256168795161209       0.78672722330179945       0.76802895086629974       0.74236292564290118       0.69744832385812161       0.60537917465755042       0.42273717739881661       0.19858398399589397        8.8556311672801341E-002   5.4205509477121383E-002   4.2596141118604179E-002   3.3617387960226119E-002   2.1612978003930649E-002   1.0911955892039978E-002   5.2489630019136417E-003   3.5536096376854731E-003   4.7282803729530969E-003   9.9828979225816579E-003   2.2347181047806575E-002   3.9419068336482517E-002   4.2996905583544749E-002   2.8303277767046164E-002   1.4954736006762344E-002   1.0251973784566989E-002   1.6525277778645958E-002   6.3592315002708746E-002  0.30838022047581876       0.62977419758648512       0.75377511325232316       0.79698218451802827       0.81527244525688713       0.82598246426880750       0.83386137673168903       0.83979930089798349       0.84353056832803575       0.84431664133932605       0.84103319754395223       0.83228308637294635       0.81703964661339645       0.79572923504437387       0.76946396651630300       0.73590652595223727       0.68044198116995247       0.55776685068494880       0.29407419542011143        6.9689209419451642E-002   1.4759470462396972E-002   3.5260005622204361E-003   1.0399538003464312E-003   4.3413798990289074E-004   3.4372248075553215E-004   6.2736745663379424E-004   2.0784168089319098E-003   9.1967422582071474E-003   4.5485656272623257E-002  0.20805845362341749     
  0.36309953030493930       0.63021776632069904       0.74220410340715526       0.78900660355636754       0.81122445245013186       0.82118588504431078       0.82255369492049313       0.81675192133304109       0.80467230364689435       0.78632593484834101       0.75914673357493434       0.71509864575827364       0.63385236479056328       0.46964907292588087       0.21223929037648565        6.2777980442747808E-002   2.0766099764051211E-002   1.0085534694111121E-002   7.1119863249531163E-003   5.6429692095467674E-003   3.9926927246797562E-003   2.3863139110882115E-003   1.4015344505517709E-003   1.0833458888441887E-003   1.4015862697302165E-003   2.6781413514564310E-003   5.5181848360692015E-003   9.3655782671336705E-003   1.0459513012751470E-002   7.3023903735398698E-003   4.0932063556656127E-003   3.2487885542801915E-003   8.0627890431276585E-003   4.4020671478448167E-002  0.26577712487065608       0.62746370585403588       0.76601718554484599       0.81233306417050199       0.82987713354788539       0.83803379108390141       0.84267477341099695       0.84574696453686393       0.84794548343445919       0.84924967157459508       0.84897568392003908       0.84599363715136144       0.83916494573856160       0.82761863972226057       0.81014995026804881       0.78303452613356095       0.73468407529417035       0.63138265832789731       0.40023311764017799       0.12079584854661740        2.8988954229446685E-002   7.7233332610173568E-003   2.4145029676372358E-003   9.0524857218638691E-004   4.6226136827531530E-004   4.4436286683752533E-004   9.7403814569617018E-004   3.6423769139517473E-003   1.7191902416179856E-002   8.7165855176855225E-002
  0.26570645406398397       0.58448497645188346       0.72803932026075135       0.78615424278799406       0.81248743810699064       0.82406293753928761       0.82622149862201189       0.82077288339492327       0.80791033108340160       0.78586550675685685       0.74953520291029785       0.68788349381797009       0.57666474918475796       0.37371048744868707       0.13546325798418124        3.5524346093871721E-002   9.9250594277698889E-003   3.5486074893312058E-003   1.8717180796728949E-003   1.3508830976845987E-003   1.0638752298562486E-003   8.4638043149406214E-004   7.5207090275307550E-004   8.1935349533052149E-004   1.1001211160709770E-003   1.7483943854409145E-003   2.9739847588482072E-003   4.5592508475522861E-003   5.1842218580839096E-003   4.0749183590654001E-003   2.7538460008724166E-003   2.9317595723426081E-003   9.1864113801653595E-003   5.2856532408705560E-002  0.31414860098288977       0.65652335374265169       0.78252713709075261       0.82475795082685444       0.84018906840101237       0.84625530917226754       0.84860891295256069       0.84958690612411281       0.85046888569924683       0.85170530997182026       0.85273334702266290       0.85219101170609901       0.84850568939404714       0.84028075995926177       0.82600722094541768       0.80288171317932233       0.76410365494054688       0.69168282504899870       0.54119848921963520       0.27951917110965163        9.2151873827686595E-002   2.9462841455711652E-002   1.0154043021325958E-002   3.8478920479036892E-003   1.7249022922011731E-003   1.0731689526537655E-003   1.1649974733789967E-003   2.6079013133205589E-003   1.0204048733508995E-002   5.2233289904704341E-002
  0.26983454933942164       0.58159406850837869       0.72679943148844806       0.78716503817012351       0.81473043870007011       0.82686840193334066       0.82940041833940692       0.82416445178105713       0.81079439414959453       0.78666824359747034       0.74647947514812074       0.68181550611690100       0.57828438163578544       0.40915078189518728       0.19052702709441768        6.1268271861312153E-002   1.7711952099638145E-002   5.1987790111862314E-003   1.8336052013137154E-003   9.8221362444611397E-004   8.6586441074135655E-004   1.0966187934336787E-003   1.6426599918302328E-003   2.4373506311681425E-003   3.3760646778734043E-003   4.4300638311712418E-003   5.5676889978361031E-003   6.4830936362944768E-003   6.4506860460498477E-003   5.3149072496701906E-003   4.3838079023342082E-003   5.8889760216416821E-003   1.8180367466384295E-002   9.0869837531385639E-002  0.42405706128521653       0.69749606580676637       0.79621139342800529       0.83113451075306188       0.84457743853600731       0.84978550972998446       0.85129860372058341       0.85130616311677343       0.85134617999856954       0.85222888515239237       0.85355455136651237       0.85380693228615867       0.85108177009982511       0.84371642981255657       0.83031392673600957       0.80922593194029413       0.77767768232577195       0.72982346692210953       0.65115236646872821       0.51326725539679907       0.31099835128935610       0.13407326011420936        5.3041010806843064E-002   2.1219384269291122E-002   9.8672354285827442E-003   5.9902697411218214E-003   5.0696396259915875E-003   6.6237517503551493E-003   1.5371099433183570E-002   5.9727868750917588E-002
  0.36973370911051079       0.61246117445969461       0.73070503015397081       0.78562215419500003       0.81266223625834644       0.82526635709622886       0.82863688462055451       0.82439674239896865       0.81193534885849150       0.78897926380304473       0.75269696886085213       0.70208029127667149       0.63819519328059193       0.55063688638200281       0.40213590563126111       0.19570646797612704        6.2314359225446973E-002   1.6375463873930678E-002   4.5845927615759440E-003   1.9751338450229813E-003   1.9705543639346491E-003   3.6125417785547510E-003   7.3760961178763419E-003   1.2806603697903715E-002   1.8336887515209378E-002   2.2337020528567630E-002   2.3282716320490109E-002   2.0582957772941852E-002   1.5788007340271318E-002   1.1715780810098480E-002   1.0590662318148045E-002   1.6229665320488411E-002   4.7215546081583196E-002  0.19121824158144021       0.53695759222558592       0.72546034337013510       0.79608111613224208       0.82434232358264126       0.83755145536205977       0.84430145147486357       0.84736555071760677       0.84825980282272562       0.84850757964354795       0.84927052064176745       0.85048417592265746       0.85068769321591509       0.84781226859984771       0.84006010690862365       0.82621183653955987       0.80556428327702834       0.77813429413502688       0.74516064960616046       0.70756409824919408       0.65921154233111612       0.58145924458974996       0.45014762255500240       0.26604418450741862       0.12340149216653838        6.4421358506240020E-002   4.1711909467359358E-002   3.4120844258270944E-002   3.6652718082516009E-002   5.5920365029574613E-002  0.13189579047845496     
  0.52204012786970100       0.64986884055106187       0.72970292865290298       0.77656840630072455       0.80317324446476801       0.81717083215654907       0.82263102095939511       0.82084512598081150       0.81116542960930349       0.79226487797311196       0.76429540009563679       0.73173443007922190       0.70191034251710982       0.67133666813425308       0.61074636013529904       0.46568880728880968       0.21573499073271254        5.3868809436552478E-002   1.2696917585103511E-002   4.8518628036765699E-003   5.9038209953046067E-003   1.5049901096575460E-002   3.9292936823462250E-002   7.6033936274302868E-002  0.11081430639265125       0.13037300222831150       0.12366441536080747        9.2401233536207633E-002   5.6375016463650798E-002   3.4499751340399704E-002   2.9795705965961858E-002   4.6638492924918819E-002  0.12145492653908593       0.34595120667383344       0.59473362989683687       0.71139610428681010       0.75960180638414210       0.78443685874023894       0.80229506079935631       0.81664933874730361       0.82693461709510852       0.83305811627132087       0.83638463213408631       0.83873726470549781       0.84073176666736749       0.84117339052391127       0.83798271052278628       0.82938397810527886       0.81445510667710053       0.79334688014968935       0.76807387417199213       0.74383876274844674       0.72744573365371079       0.71934090863494138       0.70796751655170909       0.67520565802515475       0.60512887847844621       0.49744084426137392       0.37429720638437114       0.27538087511310455       0.22747225882566818       0.22624393731075965       0.26978050653474889       0.37090842113919020     
  0.62537194219705838       0.66784277791978197       0.71728080548770390       0.75827226118524538       0.78612722032128635       0.80324276614437273       0.81254468885512643       0.81492559366785444       0.80967657555215877       0.79619904300925792       0.77625817590948698       0.75571203354444905       0.74141226908675406       0.73099315069825821       0.70590079749124179       0.62674962502959475       0.42124009926003547       0.12825709190738599        2.8020267127582446E-002   1.0751139292625072E-002   1.7784041985673019E-002   6.2144455482774343E-002  0.19605888284817402       0.37364889587968680       0.47619414546480526       0.50269530909189464       0.46479312324133937       0.35682912327492616       0.20891135044764131       0.11014116296791267        8.0781604089946890E-002  0.10905737090912743       0.21893418022174288       0.40316332430490870       0.53784947681564010       0.59439547064458431       0.61922406527017937       0.64513684319362985       0.68212804290830220       0.72376109104330300       0.75940892187316811       0.78462504645231212       0.80066431431451168       0.81124224711676918       0.81860351844928103       0.82213670103865166       0.82011188919655320       0.81126407959788349       0.79542243658174061       0.77382035333344090       0.75014301538737649       0.73196259586150625       0.72793302648475910       0.73844142648422650       0.75284373894489698       0.75881275379611202       0.74906945693280824       0.72282674828481397       0.68635772565134812       0.65087218840050243       0.62524102138964877       0.60965028296670043       0.60128576410278523       0.60347835040847442     
  0.66122787837694330       0.66047833479860596       0.69304038707958004       0.73321562511515570       0.76510031854474481       0.78726399796502367       0.80186714159049999       0.80945845741207578       0.80915489147486064       0.80046388693343706       0.78503032486794910       0.76748038598404034       0.75308344634686730       0.74138901559253867       0.72054186468502002       0.66007512753066477       0.49129524565065752       0.18039369680440998        4.1009555658532683E-002   1.9424068657942103E-002   4.6030636347618760E-002  0.19028922291263400       0.47251931632970867       0.63772303150590248       0.70018941458287365       0.71021537210831853       0.68088591008160515       0.60097770259592642       0.45178027611612226       0.27041767033716407       0.16811626955449191       0.16255555359939727       0.22074437560782831       0.28479314786944920       0.29491881221012817       0.26338001058251548       0.23942440996763623       0.25754917353166262       0.33111026861419934       0.44287091288006231       0.55133813907462959       0.63733620894276277       0.69883215689285683       0.74165517257071478       0.77126967355195464       0.78797865627355979       0.79236337386068445       0.78589740625036197       0.77067209264997927       0.74975640448712755       0.72843835633240328       0.71562239781283821       0.72008171322709769       0.74066850730208222       0.76610028060487356       0.78614619893152127       0.79684933459313190       0.79873775907858457       0.79439551504574646       0.78643982722897654       0.77534982731244761       0.75829697438789923       0.73104319245437488       0.69387890175416844     
  0.64856321264477135       0.62861001833141750       0.66024415868476483       0.70785266899678068       0.74708588929300179       0.77523047839961334       0.79488949950004628       0.80672404616923854       0.80965406441670995       0.80253859577726716       0.78519370465829341       0.75893145879506196       0.72690829929211564       0.69283813589953192       0.65216977792143460       0.57533047527875625       0.39885519087435484       0.14089445597245773        3.8314828880171181E-002   2.9343921341828009E-002   9.5879257979614080E-002  0.37171100723605388       0.63444588191520324       0.74359842817261379       0.78067632691265110       0.78437902747848476       0.76297858348016001       0.70840303361587498       0.59848194173273728       0.41535423980273006       0.23312356512016513       0.15171946006713802       0.12853377609876934       0.10447149841541935        7.0799031569960494E-002   4.7225823281723860E-002   3.7037918548411625E-002   3.7718087137844032E-002   4.9427304089368559E-002   7.6814029616920174E-002  0.13799474807850368       0.26412017486410005       0.42418334453137335       0.56419336262837727       0.66977499060146173       0.72966511229494480       0.75396515089915017       0.75625188693776957       0.74556967859631673       0.72849452398721437       0.71182937509950994       0.70460980891430480       0.71465098374559721       0.73980823580105914       0.76920628625590493       0.79404645531516882       0.81156321488976157       0.82236732542955027       0.82755053084803543       0.82713603902263588       0.81931040150208923       0.80005482640541181       0.76375524102487680       0.70798276241133773     
  0.58147448552122549       0.56095915843251087       0.61636508556239911       0.68524983880766221       0.73590557606600759       0.76962918536744551       0.79206791803582977       0.80487223639130578       0.80658195108880770       0.79402457003714788       0.76215849748497544       0.70407188598065462       0.61735657673750333       0.51780272515098591       0.42232727749239501       0.31124747332697356       0.16834607655684763        6.0287000058524283E-002   2.5698508340777557E-002   4.0943843117686562E-002  0.17150040698866234       0.51463165818914514       0.71235697354834193       0.78672915417712652       0.81126027491823582       0.81204381385784219       0.79407589742033302       0.75035070325146547       0.65865509913839149       0.47840562113705315       0.23599570637883904       0.10431864326823771        5.7343044016340196E-002   3.2804187599490192E-002   1.6921077059112912E-002   8.8550447139051410E-003   5.7295845973523813E-003   5.2529024645273986E-003   6.7737281707189985E-003   1.1185125312774392E-002   2.1946284487207125E-002   4.6392213303101025E-002  0.10062402797732652       0.24099774363737217       0.47984565990250500       0.64145259507712826       0.70891287293952143       0.72940402497682921       0.72895940041674101       0.72015974807669669       0.71098607430499405       0.70928422939857261       0.72120567972948513       0.74497813534665491       0.77217729454621009       0.79601670024104387       0.81434307900907299       0.82732657470041571       0.83491372840759126       0.83565963324528891       0.82624509231589194       0.80070285526725171       0.74991320859181709       0.66800558791713283     
  0.41741960261343519       0.41987771649989286       0.53635000602979988       0.65080907761662610       0.72122242429432792       0.76144727392659473       0.78430514979079513       0.79324618796989987       0.78517458211641078       0.75114740176543571       0.67393767048241571       0.53005538883907533       0.32913222134875553       0.16975439583570456        9.8529808457685594E-002   6.3766949840414963E-002   3.6890541209311997E-002   1.8736652262067204E-002   1.7016007162857900E-002   5.3582336211726950E-002  0.26249993940760263       0.60261799451519915       0.75280540257042394       0.80706211986707088       0.82414437729864110       0.82256848214840828       0.80515532870377349       0.76432778847717708       0.67505207576648585       0.48065806764964475       0.19527292429715920        6.2980262923635455E-002   2.5826801022795103E-002   1.2098810545932889E-002   5.3858704021906957E-003   2.3578448639271958E-003   1.2133150550501278E-003   9.2956034562513123E-004   1.1579780874126147E-003   2.0421967782220237E-003   4.3297199452970178E-003   1.0095565227686659E-002   2.7081207590801567E-002   9.0209906546250176E-002  0.30345103134981849       0.55493551030096766       0.67033980795980230       0.71158162423517402       0.72380290543031878       0.72529634242441254       0.72431392171455855       0.72698827808252220       0.73785016511238255       0.75616348219101304       0.77677362963271690       0.79542129414174956       0.81080085399149604       0.82273394572229497       0.82994625378387477       0.82912145774077484       0.81418653501876748       0.77380223214202137       0.68815185157290704       0.54564089606895116     
  0.16970870195475490       0.20041739142428489       0.37381148031255368       0.56354455141893922       0.67219783235165242       0.72456055105851080       0.74579494147148107       0.74146064622866126       0.70275312494203745       0.60671827737381512       0.42448129578788574       0.19194219553083006        7.1819777197199203E-002   3.0980002164893935E-002   1.7288234329521542E-002   1.1711511838815081E-002   8.1546662016149050E-003   6.6538384968306144E-003   1.2855307380918592E-002   5.9291638544531455E-002  0.31741072153668382       0.64261474401311480       0.77062464882311210       0.81485873317124391       0.82739721107443509       0.82367608600248343       0.80541714534497377       0.76391994630276305       0.66964273834149468       0.45152981196705172       0.14621734266236949        3.7752123170208041E-002   1.2704644245428788E-002   5.3578340312624914E-003   2.3121314787757394E-003   9.8360803308878797E-004   4.7612298366728071E-004   3.6831989542977474E-004   5.7549252764856160E-004   1.3839982661569032E-003   3.7292461133761430E-003   9.7972117752480117E-003   2.6516506057971075E-002   8.4896440743428517E-002  0.28125416204146608       0.52906257969413617       0.64957014585958339       0.69764439048475468       0.71849149782800048       0.72877329838103200       0.73469476073124085       0.74081418503787799       0.75064124827845191       0.76395089219011536       0.77764262901738757       0.78961399913166364       0.80006561474760685       0.80931654858425162       0.81496273272842568       0.81068315010977532       0.78447477166667212       0.71085217856032501       0.54242942385152837       0.29632838565858771     
   4.5019750557872155E-002   6.1719785471037673E-002  0.16047611704860709       0.36248648034856923       0.52174304766837520       0.59420279984837399       0.60620458853779546       0.56363240626073607       0.44995604276172757       0.25584022548518531        9.9632418684946683E-002   3.5458988129414830E-002   1.2680922372270429E-002   5.5300353573576357E-003   3.3351176231782259E-003   2.6323750248645212E-003   2.3967881498441605E-003   3.1418822395219920E-003   9.4818408671113585E-003   5.1228803786021342E-002  0.29487711529024552       0.63580954583737359       0.76765485111811771       0.81047433475309183       0.82067284011219543       0.81499806866659619       0.79570088897083857       0.75364998000426053       0.65576645943338896       0.42176833957961019       0.11600019177577087        2.5633746200237874E-002   7.1757345711022632E-003   2.6999362601635730E-003   1.1676109896098447E-003   5.4445461813791476E-004   3.3563637210719602E-004   4.3830289158227584E-004   1.1885941202390501E-003   4.1571315123985469E-003   1.4263480582060702E-002   4.0374806300207094E-002   9.3908469511142720E-002  0.21135576233120196       0.41134763102706495       0.56359756776886061       0.63223340319512611       0.66429419723064642       0.68685734918635477       0.70479457468952278       0.71800227833978891       0.72943297371053595       0.74244167456811849       0.75619363722181598       0.76716554351003252       0.77422425335361467       0.77977810886562038       0.78608744275828646       0.79006640692253394       0.78072475592895185       0.73465152067036255       0.59699969565795441       0.30084691099830352        9.3353764078040719E-002
   1.2711855071725639E-002   1.7349896841054022E-002   4.4788301708492753E-002  0.11339818815586820       0.20559646769602738       0.25744733695964622       0.23900848290781337       0.16533164792196428        9.0110686639957166E-002   4.2152440990436114E-002   1.6150516229555004E-002   5.8782866817881389E-003   2.2699282124356772E-003   1.1552870265460749E-003   9.1052354851657168E-004   9.5197261454175856E-004   1.0993350147555021E-003   1.8028195595277009E-003   6.2284830549308940E-003   3.4977909129026603E-002  0.20966715100386535       0.58486696958201279       0.74384595364247996       0.79220159940164714       0.80082695215713628       0.79246459074857734       0.77268464978431251       0.73418910122800418       0.64422792671396123       0.42194706317213154       0.11640881602955126        2.3489435258240217E-002   5.4125569515817993E-003   1.6541417026541333E-003   6.6453174026986775E-004   3.5307625196795661E-004   3.4733371255489802E-004   8.5703693473862812E-004   3.4867395501835311E-003   1.6011743579395107E-002   6.8283004157246890E-002  0.20377863350642716       0.38122301154525595       0.50811130671119109       0.57985267733466006       0.59619748360137070       0.57424130476122826       0.55926503958718921       0.57330730120682727       0.60152622388401000       0.62885575274941519       0.65570260394519053       0.68672333165829602       0.71763540516023583       0.73882387774665514       0.74826185214713270       0.75217264052444521       0.75703096092973676       0.76036068998097672       0.74568492061172709       0.67407442041092436       0.45706943161775881       0.12917022982407261        3.0072416267309207E-002
   5.0164172408172893E-003   5.3851767943500850E-003   1.1377745628095459E-002   2.3945526174176373E-002   3.7856922476935520E-002   4.2996793490298196E-002   3.7317748138694519E-002   2.5158258170611420E-002   1.3452114228625116E-002   6.2254899441383117E-003   2.5230452456490161E-003   9.9926221813638515E-004   4.6979436742180408E-004   3.6537642479245988E-004   4.5792500681474325E-004   6.1636059234677844E-004   7.6117547770821565E-004   1.2140222488503632E-003   4.0663505257265350E-003   2.2399665909966299E-002  0.13540180592066131       0.51345814828354897       0.70693543034311745       0.76217707879903041       0.76650598199081810       0.75216352669880393       0.73260696007099835       0.70597213809111481       0.64281126490011886       0.46908733480773923       0.16370410053017750        3.2930498508441444E-002   6.5940654274101564E-003   1.5670266956367149E-003   5.1174276378967553E-004   2.9672375710899560E-004   4.7724753579140059E-004   1.8118065626962518E-003   9.4812855049480529E-003   5.3170509841255459E-002  0.25316104390187510       0.51936471961466268       0.64643245832092344       0.68464060410781957       0.66436801301429094       0.57422678422018392       0.41526654415464104       0.30396313753356691       0.28535727659728877       0.31816404620591376       0.36768544182989443       0.43151719253303839       0.51966278951155120       0.61740041552147440       0.68668778943558295       0.71834940037669259       0.72998507022574366       0.73734161195659764       0.74183416441577976       0.72504894394042207       0.63863494377122521       0.37863131858875482        7.9354269412835382E-002   1.5254000239886266E-002
   3.5801935235363637E-003   2.2337354675966569E-003   3.3122596528272546E-003   5.4008338269802810E-003   7.0367188936380463E-003   7.0050232485759723E-003   5.6137574021957555E-003   3.7037543336465952E-003   2.0139214561486411E-003   9.5458777296192180E-004   4.1639761422569504E-004   1.9738899250700380E-004   1.5024099974569470E-004   2.1671227205485218E-004   3.7453330799795724E-004   5.5479479092375287E-004   6.7971396859720090E-004   1.0415268688011494E-003   3.4481036749937524E-003   1.8930529100297244E-002  0.11466040862508432       0.47833716902811207       0.68166215787405948       0.73396422103879433       0.72721910202564877       0.70124755823047491       0.68272030427334363       0.67803049475413679       0.65683739861128343       0.55547622334746793       0.29204326460961966        6.7200286664602343E-002   1.2951232803411658E-002   2.6834897985558107E-003   7.2147356592581330E-004   3.9634125105614693E-004   7.8510220631518898E-004   3.5510590713546241E-003   2.0909797106205972E-002  0.12551837454735973       0.47388946210779709       0.68306661935984803       0.75024625472992568       0.74962175889327087       0.68456700783731528       0.49688362563127558       0.19766589398936726        7.9812638603120989E-002   5.7119830757539423E-002   6.0650189333464916E-002   7.4766027651387110E-002  0.10849801756687018       0.20377832783769631       0.40897106384637005       0.60424095866514305       0.69531753977704158       0.72885714930796197       0.74323769953965890       0.74965240657225096       0.73533821100382502       0.65685506732004106       0.41157060382071037        8.7594480285827253E-002   1.5211706225733748E-002
   4.3237556861891449E-003   1.4601735911698370E-003   1.2679080141541174E-003   1.5265663309110352E-003   1.6162538693245388E-003   1.3868087892538235E-003   1.0024276856299783E-003   6.2906315720169395E-004   3.4441396223925113E-004   1.7165108759282697E-004   8.7889963017506612E-005   6.4932923877821462E-005   9.3363541002123356E-005   1.8497698965782552E-004   3.4399773479017501E-004   5.1308921457749737E-004   6.4261715949760724E-004   1.1134002223679355E-003   4.2594043063041518E-003   2.4903497501332316E-002  0.15168035867828417       0.51994939143288588       0.69355599254577338       0.73026842483070564       0.71101721433274623       0.67477667265586971       0.65895251367044849       0.67553400866988667       0.68931615405458690       0.64946176665722877       0.47979581092086221       0.16833323764822442        3.4601077535567584E-002   7.1248810135147870E-003   1.8339807279161228E-003   8.7996787512634948E-004   1.5058372500176844E-003   6.6246274785962010E-003   3.9735659484819323E-002  0.23637919450828709       0.59693282697623695       0.74539492035169974       0.78504150391301086       0.76865934172503425       0.67635389517562516       0.41075172363935319        9.3484026400833559E-002   2.3173190372962209E-002   1.1398168177854341E-002   1.0576871971709432E-002   1.3040996086412876E-002   2.1245747462048329E-002   5.3122015189588895E-002  0.18422340520207545       0.49792022868733482       0.67990347528272088       0.74455741861726410       0.76748178866675487       0.77512136038681168       0.76441504490258583       0.70466807142372812       0.50887870835371785       0.13965996098651792        2.3279674843164178E-002
   6.3093814947556386E-003   1.4545681199344038E-003   7.0585344494944750E-004   5.9309246526429934E-004   5.1914884194794884E-004   3.9968435127238296E-004   2.7447863510261734E-004   1.7520721633604308E-004   1.0674668201021309E-004   6.5459335035733380E-005   4.7255548925822983E-005   5.1577560001438570E-005   8.5728551985947784E-005   1.6331708064825669E-004   2.8392293115493108E-004   4.0741708865696505E-004   5.4948311605406959E-004   1.2501030758485662E-003   5.9916365128167403E-003   3.8850022388492465E-002  0.24535594506214889       0.59885106438567737       0.73018682012773639       0.75359419378576764       0.73356161034178990       0.70169979361299983       0.69058817813731066       0.71074934403352619       0.73350760250706093       0.72383495915223761       0.63555810515422095       0.38743667243108826       0.10597531101015752        2.4153726159894931E-002   6.4516575164087642E-003   2.7316125992070009E-003   3.4366092025142647E-003   1.2766146440408681E-002   7.0486555696039718E-002  0.36324771879116202       0.65996614373706652       0.76718784496312231       0.79281079204241467       0.76905318433686665       0.66121077598011657       0.35161554797759281        6.1526739543070495E-002   1.0919171176793356E-002   3.2537238597156182E-003   2.2047836934541822E-003   2.6003567142992550E-003   4.9650019185944671E-003   1.6804699698965454E-002   8.2228309719090148E-002  0.38140640628891409       0.65808017094600835       0.75804223882151867       0.79042414497768654       0.79938399060049947       0.79113734068025443       0.74645084534810180       0.59827711665586436       0.23435967477813158        3.8294235965180459E-002
   9.4024679637784454E-003   1.8995193779494650E-003   6.3944457089285434E-004   3.8128787948906438E-004   2.9450270865586850E-004   2.4185861071304926E-004   2.0594194018294833E-004   1.7723746393124028E-004   1.4450956674595897E-004   1.1001573803819379E-004   8.5540733241504295E-005   7.9754328187226387E-005   9.7593757416194812E-005   1.4169400035382671E-004   2.0455287757848350E-004   2.6952711029297200E-004   4.0647308365778304E-004   1.2509196451494565E-003   7.1584283293628674E-003   5.0114746596602457E-002  0.32575083482997780       0.65139270697761431       0.75918960558782966       0.77892082971203935       0.76610750978733377       0.74600395949271314       0.74014531349579527       0.75468394686256524       0.77241178508290498       0.77217895198200193       0.73011327323957886       0.59646561005966259       0.31402029095085138        9.1755606566964340E-002   2.5615546430326389E-002   9.4601265902618092E-003   8.6148374671545652E-003   2.5560641742448140E-002  0.12309719247601199       0.46354901581594293       0.68886709764023879       0.76840821877365939       0.78624486435426444       0.76035546864546177       0.65003817412289699       0.33436811637994718        5.5877401444172539E-002   8.8576939139952300E-003   1.8278337099643068E-003   7.2488731818567270E-004   7.0125667578826328E-004   1.5951143591084243E-003   7.0030326503222615E-003   4.1494805245003097E-002  0.24497795977281117       0.60609937461919483       0.75372588679406161       0.80067648056614138       0.81302142165902924       0.80663261331488878       0.77090451732807730       0.65528889899467879       0.33804288440081426        5.8082104383694017E-002
   1.5074031592836983E-002   3.2031961641214089E-003   1.0511587813670775E-003   5.7329725476997959E-004   4.4860830234367177E-004   4.3465135601496738E-004   4.6504153794367335E-004   4.7980532063192409E-004   4.2919390892990576E-004   3.3056111763653392E-004   2.3830391858560532E-004   1.7989205868486674E-004   1.5322964364873095E-004   1.4743123533663514E-004   1.5225442145623530E-004   1.6864177714014637E-004   2.8008952068472816E-004   1.0813421758492626E-003   6.8176723948217338E-003   4.9573424021502908E-002  0.32993783259783754       0.65593928069804008       0.76162054210367658       0.78216716778362627       0.77487740356203982       0.76382233216413864       0.76413242546836557       0.77787308367786889       0.79320172724119986       0.79697264349407337       0.77743625754622947       0.71368498752502518       0.56159552732085938       0.29860668536167090        9.2988023200982248E-002   2.9039239966300697E-002   1.9017282340967598E-002   4.3260290740416277E-002  0.17703191113621020       0.49623769505130494       0.67994641648336307       0.74837520501921684       0.76555415794130932       0.74424797030794876       0.64752576512309434       0.36496442595080375        6.8804413542944795E-002   1.1497713779340791E-002   2.1766101590301075E-003   5.6034281576328887E-004   3.1438235180494389E-004   6.6321126805161056E-004   3.1885579424903200E-003   1.9628049376760680E-002  0.12249533104650402       0.49525352261770095       0.71889578744454208       0.79366498628114623       0.81416110018728916       0.81057532376484387       0.78057453193637083       0.68685508887027935       0.42300018267372547        8.6354677656365064E-002
   2.9750196144884104E-002   7.7128815145595872E-003   3.0856523777850874E-003   1.8573125412702370E-003   1.4729957433264051E-003   1.4083015863393567E-003   1.4941214255832643E-003   1.5333010215261924E-003   1.3499196265104889E-003   1.0095952925025431E-003   6.9575255847961781E-004   4.8077602390021908E-004   3.3974481542722927E-004   2.3950393400134142E-004   1.7024573896489144E-004   1.4113746030179600E-004   2.2505145567696774E-004   9.2042071028305831E-004   5.7874446976237115E-003   4.1235717006287267E-002  0.27211126881426084       0.60933141061020679       0.71954478071787475       0.73455258571393822       0.72326889608348022       0.71684353816204460       0.73024171799211846       0.75878734402256287       0.78560848655671500       0.79881779506881567       0.79277874381837776       0.75924909682555353       0.67436624660203548       0.48460673094749862       0.19312176460571975        5.2933951617972028E-002   2.5095946446337121E-002   4.1336107168545230E-002  0.14258924680188698       0.40186177808116447       0.59774968919617122       0.68510627578335304       0.71668215020166137       0.71182362652390396       0.64704481623295429       0.43595850784310830       0.11651289143078609        2.2633775478851870E-002   4.5553448203630225E-003   1.0385856550027182E-003   3.2629404134718634E-004   3.4270469907923118E-004   1.4189701123925183E-003   8.5109964692157668E-003   5.4597123097617738E-002  0.30610385363677922       0.63831364640405930       0.76594153960290323       0.80301908019584389       0.80475474875426400       0.78005601386600953       0.70461203910000858       0.49614423908836019       0.14315159862112026     
   7.8953929544734569E-002   2.7544901589061775E-002   1.3611680618109247E-002   8.7316298236913108E-003   6.4134745218670693E-003   5.1818705247424907E-003   4.6791249245187834E-003   4.3346617448262181E-003   3.6067112152658037E-003   2.6430467759428452E-003   1.8580818946821063E-003   1.3416011849127804E-003   9.5434245504294327E-004   6.2022146553869539E-004   3.7357420989213731E-004   2.5202481776903077E-004   3.2082725313978315E-004   1.0382590236224850E-003   5.4220504284603222E-003   3.3417335800256964E-002  0.19758003858072765       0.49302598077132032       0.57951116216649567       0.55663639536069021       0.51642017060462564       0.51027109907530610       0.55955649962025256       0.64504348645091492       0.72239835785423401       0.76802469632826786       0.78098134606463598       0.76045798893436922       0.68474091401306492       0.48554341313479227       0.16555274120578065        3.8775730689081717E-002   1.4654697556059419E-002   1.8417334829662676E-002   5.3844617432850558E-002  0.17202683700985152       0.36742053048821099       0.51118558291426397       0.58858756750203289       0.62486568237028195       0.61453199803140901       0.50399042576886788       0.23606048420273629        5.8340344771679341E-002   1.3041718253318110E-002   3.0136866273727191E-003   7.6815429428096467E-004   3.2310248597964772E-004   6.7506059270719561E-004   3.5748030143957573E-003   2.2238915127738922E-002  0.13506813357560390       0.51036663123468240       0.71765570375976373       0.78155466951900121       0.79177188609584648       0.77337111622880517       0.71646529668083658       0.56954055784265711       0.27009308632185614     
  0.25318561651164123       0.12532697362329767        7.3221850029485364E-002   4.7888029643195988E-002   3.0745723485847753E-002   1.8565581662182810E-002   1.2131730810717481E-002   9.0053632597657061E-003   6.8272937191205547E-003   5.1646546760862324E-003   4.2557371224022176E-003   3.8738811524708632E-003   3.2838502262155676E-003   2.2859469187583091E-003   1.3706689521544844E-003   8.7321928197568385E-004   9.1484308717751904E-004   2.0963500916514966E-003   7.6971574387796069E-003   3.3563576058529825E-002  0.14004583957639119       0.28073150662905993       0.25357917205665176       0.16267558488948691       0.11274270030935520       0.10961126365971370       0.16381870129725254       0.32110841434759385       0.52619895344927137       0.66982581445393496       0.73280942285259043       0.72602485204897960       0.62523451630375149       0.34502212358116557        7.8562079995934370E-002   1.6564217565906470E-002   5.5638970701559010E-003   5.7154667601064819E-003   1.3725453358137959E-002   3.8882723583560611E-002   9.3642274060177014E-002  0.18078765317547846       0.28611036216771474       0.38822819409023984       0.46573335230306284       0.48012866944993449       0.36701158658571648       0.15369423468431845        4.1401291491948398E-002   1.0145092357533981E-002   2.5381767644009207E-003   7.6270011179405454E-004   5.8350907550974121E-004   1.9859226140214389E-003   1.1356775454163708E-002   7.1956298543907393E-002  0.38833143326273201       0.66678311309196925       0.75817616393905551       0.77741073900137914       0.76611881287728600       0.72827944292069136       0.64322125867266966       0.47031270056591301     
  0.55020941232212806       0.45219407114001270       0.35418453878883427       0.24915640505335349       0.14057670922615551        5.7531287364290175E-002   2.2225583932360567E-002   1.0948559653258059E-002   7.3689083540247665E-003   6.8617144126909791E-003   8.8836824484925993E-003   1.2802426568895287E-002   1.4202525319663348E-002   1.0994096775608130E-002   6.7249662090651920E-003   4.0794110823850482E-003   3.6348379406568512E-003   6.4749113967188842E-003   1.7888377307588934E-002   5.2298417918886432E-002  0.11415915986414119       0.10901808466608535        5.7494411766859155E-002   2.8377165261931236E-002   1.7393941604715892E-002   1.6634440940044813E-002   2.7004553860075945E-002   6.4459009057537153E-002  0.18188205927323353       0.43885090525191328       0.62172338982746955       0.65184015876498802       0.51300483771334127       0.17786345562440992        3.3219560883887195E-002   6.4554648385864435E-003   1.9543833710408509E-003   1.6973443194186505E-003   3.3624740690745515E-003   8.0321380811564248E-003   1.7571948999836374E-002   3.2770404537164732E-002   5.4358738921081194E-002   9.0083866823320535E-002  0.16077817295497965       0.27195377185490760       0.34206761252014206       0.27757152199998836       0.11988121762004487        3.4686821233714929E-002   9.3232392184106581E-003   2.8614521845619690E-003   1.5935297102213438E-003   3.0044825880529190E-003   1.2811496901623844E-002   7.1629699625695320E-002  0.37156055806841021       0.65444207211290151       0.74951595087873424       0.77152654173602353       0.76633278974354413       0.74557302543908532       0.70704573492085787       0.64177206183896185     
  0.71552871200218382       0.68418173451821052       0.63675736885916068       0.54664160378144300       0.35995544883538455       0.11729902792427439        2.7997153627200195E-002   8.9005398031012355E-003   5.6855442364697837E-003   8.6705241647026931E-003   2.1785407817574536E-002   5.1577397964413088E-002   7.2651496723527803E-002   6.1764402776457915E-002   3.8190519219519006E-002   2.1327388819920929E-002   1.5483942561047633E-002   2.1325994316062066E-002   4.6621653464079871E-002   9.5547684105182801E-002  0.10225119211597872        4.7243506142888379E-002   1.5915736354002639E-002   5.7395858038529913E-003   2.8882800114559391E-003   2.6081376282737039E-003   4.5085271148569460E-003   1.2316688672515962E-002   4.3643139234139296E-002  0.16511031427940742       0.43111080332673257       0.53269290021794302       0.37602630571912848        9.0812099645297961E-002   1.6068580882215341E-002   3.0738850994894945E-003   9.6865535526147704E-004   8.3481707151376872E-004   1.2523366850663003E-003   2.1133504795128664E-003   3.6143422212233829E-003   5.8712393198920871E-003   9.2633297772178758E-003   1.5732150274070062E-002   3.0858722633730955E-002   6.8046160777617340E-002  0.15577343952964143       0.26600551116817966       0.24521990892429132       0.11171803517930184        3.6747558366458884E-002   1.3189262785073635E-002   8.0555627745909353E-003   1.2239586796655610E-002   3.7873209084896234E-002  0.15437541626280241       0.49419759477955633       0.69806156637318240       0.76437595781498058       0.78005302606813265       0.77829985559238135       0.76986930228965544       0.75727150521910280       0.73965921501260035     
  0.78889651014849693       0.77806630091362150       0.75154030798943139       0.68414501376328873       0.50521034810453758       0.16692578961986837        3.1618357695935295E-002   7.7364365769269630E-003   5.8265499081958765E-003   1.6207275116615426E-002   6.5377364314936612E-002  0.20988534593702352       0.33425054296731127       0.31923208237620504       0.20894662307084760       0.10730758349892287        5.9303842090417037E-002   5.4724367966251901E-002   7.8473785281474584E-002   9.5157799695367223E-002   5.9795786625498330E-002   2.0467470018836042E-002   5.6831886251799335E-003   1.6273103749537732E-003   6.3441008961605543E-004   5.1131244846159456E-004   9.7223023131911461E-004   3.1325517028013565E-003   1.3092345330791748E-002   6.0408166793204862E-002  0.24063212195661912       0.38733307550782381       0.25038560826793843        5.4864894026940211E-002   1.0162363874733271E-002   2.3328130082092098E-003   1.3193248044933844E-003   1.6994608882133070E-003   2.0970447018664141E-003   1.9045004397673191E-003   1.5235222593614295E-003   1.4491063487767305E-003   1.7877873498398987E-003   2.8403978875511373E-003   5.8401390700474820E-003   1.5221430921631468E-002   4.7586093704029483E-002  0.15163812269344268       0.31290278981591541       0.29372825579976947       0.15044841122268257        7.0136507733666156E-002   5.0190230310795197E-002   7.0143504605885712E-002  0.16638664101538039       0.42975191425510045       0.66120839546191301       0.75867096936060630       0.78967725330115146       0.79643477126537587       0.79617711542630121       0.79511631061018417       0.79448942359872687       0.79327204484690172     
  0.82361433602263157       0.81778897496578706       0.79757885915675386       0.74209835162821902       0.58706152663401912       0.23246877641539676        4.4135224400695866E-002   1.1686011107382927E-002   1.2231940225433684E-002   4.2113330919554263E-002  0.18364735431889467       0.46791895431312386       0.60565399356729954       0.60899921271253787       0.51328011793798778       0.32310391523979859       0.13615644782445890        6.5941333986146572E-002   4.8274395231217890E-002   3.6731272629054942E-002   1.9366533983541438E-002   6.8173430506204159E-003   1.9833772307039556E-003   5.6702149135380597E-004   2.1034705868035940E-004   1.8104637465209326E-004   4.1686315186553090E-004   1.5336518968382723E-003   6.8364880658182987E-003   3.2594266454896097E-002  0.13865305981877352       0.26056546388774116       0.15927055404587356        3.7960060326010167E-002   8.5241337785995960E-003   3.5454852042032603E-003   4.6587432969245118E-003   8.1530228761106938E-003   1.0133833044212816E-002   7.4576683623425906E-003   3.5184646181421250E-003   1.4368640724413955E-003   7.3847142529912056E-004   7.1514209089801502E-004   1.3814190833229762E-003   4.2549446629152922E-003   1.7369160304978495E-002   8.0788776595976802E-002  0.31855224256109432       0.48323598907507381       0.45212997219098511       0.34799633062796798       0.30072601176409552       0.37366310455486762       0.53286019036718013       0.68090395354213651       0.76594468491840695       0.79968462178296762       0.80832127080753835       0.80877574647122741       0.80965433664822828       0.81324938382811252       0.81835752125211447       0.82276700638888933     
  0.83988995369417119       0.83567157669693204       0.81845421856705092       0.77305572025913183       0.65293082733722985       0.35754757652291769        9.2296851050334666E-002   3.5656231290172744E-002   4.4389017604557324E-002  0.12974000154778767       0.40580271462934048       0.63905673291692089       0.72210760014018127       0.71940931415331022       0.63685366672789456       0.41634959845632097       0.12732976673502322        3.6192984744226914E-002   1.6138967716216545E-002   9.5112753799739599E-003   4.8557367074882792E-003   1.8932518212268238E-003   6.3149898269011199E-004   2.1350094741210318E-004   1.0894170611321278E-004   1.5008568737905881E-004   4.2612805437203114E-004   1.5704270314235223E-003   6.4572139485683964E-003   2.7241041190437604E-002   9.9866795106527670E-002  0.17414942688493787       0.10241642075184144        2.9874733420028842E-002   1.0632570524507414E-002   1.0866147078216766E-002   2.3675127955935276E-002   4.8481403245661886E-002   6.1704295250730082E-002   4.3014091816392347E-002   1.7292698380238551E-002   5.5135190235070875E-003   1.8168174584036400E-003   8.4798082197568134E-004   8.9110173565737718E-004   2.4310148023068464E-003   1.1266689507990649E-002   6.3702028295749474E-002  0.32949184916345758       0.58719695154982643       0.65346959602219579       0.64397988611792811       0.63910855398632282       0.67546625896029322       0.73530249498587497       0.78458439531930191       0.80995020344292756       0.81558616967220343       0.81137212480544885       0.80766158454175396       0.81069044743066232       0.81930883223845541       0.82919028040665776       0.83694554552615086     
  0.84543110581936676       0.84264709062945620       0.82801794313299426       0.79251179749944012       0.71129508046672618       0.52844013011186075       0.26445871714362279       0.15615408105996986       0.19529402389781314       0.38363761570643867       0.60809389000368352       0.72672176194867710       0.76563151998261325       0.74984052131755730       0.65374418352299390       0.38045092259434732        8.0568879607479410E-002   1.6490722504949165E-002   4.9801638515918900E-003   2.2905203798658817E-003   1.1339856749472959E-003   4.9221571852334006E-004   1.9750557221111321E-004   9.2759693728753869E-005   8.6510575697709783E-005   1.8819473453326574E-004   5.9694606100345392E-004   2.1473439264694410E-003   8.0569502508715963E-003   2.9183020312597018E-002   8.5243060135077958E-002  0.12356333291469362        7.5051718570188108E-002   3.1892322775545809E-002   2.4285628170292513E-002   4.7446014999072347E-002  0.12640307419623406       0.27369586183485695       0.34264089971063966       0.24333873712215107        9.3886489821733948E-002   2.8426389283481898E-002   9.3403372029036615E-003   4.1769277791334084E-003   3.1755886100418608E-003   5.2130647005564773E-003   1.7735635052481959E-002   8.7916917220348917E-002  0.40119061095354847       0.65388028279202015       0.73560328602707559       0.75448922743692037       0.76251754687687112       0.77910633038861177       0.80068582179944303       0.81571058386777917       0.81752031586089591       0.80632810142154898       0.78964672005274328       0.78177851572247381       0.79115813722945483       0.80996355272738141       0.82775221967940860       0.84012228227458041     
  0.84349815623238678       0.84290443580002972       0.83107537644751572       0.80396057824043266       0.75274443130790081       0.66349556751006356       0.54557165941197494       0.48458054367860626       0.52489481034914287       0.62543416851198974       0.71470697583789899       0.76315015675817477       0.77627559580949090       0.74842653907618584       0.63115890932163310       0.30729659842741597        5.2793806323072914E-002   8.8369971649973570E-003   1.9357608156471650E-003   6.5299334774641536E-004   2.9375612088476308E-004   1.3983471875200608E-004   7.1230455683260569E-005   5.2782307502011217E-005   8.2837044937083765E-005   2.2420047917220273E-004   7.4381222210637751E-004   2.6375191375512621E-003   9.3553047795853009E-003   3.0490900027483576E-002   7.5278783547210681E-002  0.10074554998285391        7.6082856758749429E-002   5.7778723641542268E-002   8.3499714355264099E-002  0.20024803474634165       0.43261428625375253       0.60059941129954741       0.64930037387498796       0.58373015878101964       0.38219316862069164       0.14565695517507929        5.5850085346918529E-002   2.7423434889292622E-002   2.0303327538180607E-002   2.6350687123455094E-002   6.1455864988692169E-002  0.20603797013575623       0.53819449608310344       0.71404810252967932       0.77314648594833968       0.78981112415063470       0.79516717361171441       0.80116820969822833       0.80749563513844780       0.80673131274140841       0.79070159436407272       0.75584981913505778       0.71423398037605790       0.70030411764820222       0.73195882581155536       0.77856640721256820       0.81356141495923884       0.83430542824161102     
  0.83408959950886052       0.83716753682319400       0.82903688611374560       0.80890810590532414       0.77586869857210039       0.73201431222266444       0.68966878278720756       0.67358316626699499       0.69114638029519937       0.72445375978751025       0.75322230619753905       0.76893439815520137       0.76666154504854844       0.72759563572147490       0.58864568853883292       0.23900595553336004        3.8930153201666789E-002   6.1705124580583078E-003   1.1855426167708253E-003   3.2677681228409424E-004   1.3158335025025529E-004   6.5702919846160953E-005   3.9944105808895421E-005   3.9038584566428434E-005   7.4484397085382398E-005   2.1236345748501474E-004   7.0404442244406912E-004   2.4513758675800061E-003   8.4506110063000232E-003   2.6700838232373559E-002   6.6092269931814746E-002  0.10360248110698747       0.11666807562102070       0.14828279403054476       0.26739695995386342       0.48351990877817524       0.65731169601199713       0.74438802797942438       0.77004843279856272       0.74672221582306830       0.66353294264778251       0.50585068285981483       0.31044864457490073       0.17767004974170114       0.13583630586362250       0.16007519365419262       0.28023462428421519       0.50265856611979398       0.68287625160530863       0.76425435400719877       0.79110790788711227       0.79276779897963767       0.78354829391993930       0.77269439036227516       0.76235602078567655       0.74190568410598090       0.69225841134977062       0.59984877454060925       0.49719931071838241       0.47731778837938083       0.58036720220567817       0.70714657541237103       0.78205764332213901       0.81844673998098283     
  0.81158998624558187       0.82165081609117996       0.81990536992432106       0.80732986601787382       0.78608610044046734       0.76216506040533472       0.74506926925559880       0.74144641568119352       0.74778285874884154       0.75527650367577326       0.75834300174265468       0.75483741109797053       0.73789131787011197       0.68171948805698901       0.51386698218261972       0.17351080254070841        2.9611374954503722E-002   5.1171489954885199E-003   1.1322043713609471E-003   3.8373193160038435E-004   1.8127197853903414E-004   9.3383738513794752E-005   5.1155024730774321E-005   3.9898753511058206E-005   6.3392954679152442E-005   1.6823843931554162E-004   5.4350758495109444E-004   1.8870287043027565E-003   6.6659969533216122E-003   2.2684276197368160E-002   6.7142929378872257E-002  0.14249397896909680       0.22200755824266538       0.33182223286743878       0.49827499630440752       0.65374270816148849       0.74929625078485318       0.79593130298925052       0.81125729637957333       0.80420054563949006       0.77611847364040432       0.72540657670165587       0.65855129600999518       0.59807004543074194       0.56881673570925528       0.58340465879940140       0.64088585264193954       0.71607905517681414       0.77131785460727342       0.79546490942649317       0.79378143667887502       0.76786483641885339       0.71679401390477959       0.65452393311111012       0.59894812796244956       0.53218060577114146       0.41050287107616107       0.23382942328313111       0.12779505796829616       0.13092206127943093       0.28337782575320886       0.56222194475566356       0.71986898495960716       0.78479825361745614     
  0.75614175614682022       0.78284454269244941       0.79563510457457376       0.79530293148760411       0.78521010393577173       0.77235655306541906       0.76433010856325811       0.76317179589161055       0.76361339395408778       0.75905934937617681       0.74638242123396270       0.72399705929170866       0.68267269887936000       0.58938059049217451       0.37656023565934910       0.10619132681979770        2.0810418719942800E-002   4.6358999376196674E-003   1.5891926613161606E-003   8.7351779812514104E-004   5.3646202835437866E-004   2.9091015952877974E-004   1.4232454247789755E-004   7.7233597946179357E-005   7.2854040511370779E-005   1.4795867236623176E-004   4.5464933010745331E-004   1.6456440652713278E-003   6.4296249723230486E-003   2.5685539341913647E-002   9.4830565005651707E-002  0.24104893173014946       0.38774091841369035       0.51402269054666039       0.63278078410638172       0.72476387850141488       0.78129312632716841       0.80972208012594105       0.81879722705071323       0.81528474392806660       0.80470959141705245       0.79121410847550733       0.77736056730421654       0.76606852210248599       0.76158258570690129       0.76736046092665178       0.78304819927025793       0.80177174986196986       0.81336134494302026       0.80985633888348130       0.78078890984391025       0.70151170709974109       0.53376847672103089       0.33295052493605737       0.20017358470482582       0.12606682181918027        7.4790760195605613E-002   3.8668726476083520E-002   2.2071859364754368E-002   2.8725533018989984E-002   9.2601427477364426E-002  0.34201539347821003       0.59646573938935321       0.70755460378629009     
  0.60706562187396818       0.68063728727546802       0.73445475814219419       0.76233035008825190       0.76983465620822034       0.76781186218802200       0.76516750776364550       0.76405083853321709       0.75989825108572151       0.74644601366360563       0.71870246704111884       0.67001954424852406       0.58240201401972580       0.41983331202896573       0.19184517500872947        5.2211831863023722E-002   1.3557533411289603E-002   5.0430405683448967E-003   3.3364529840035411E-003   2.8593527909234976E-003   2.1137822870010712E-003   1.2027038475307156E-003   5.7545309287461259E-004   2.7531887399300821E-004   1.8012342589429883E-004   2.4230225512643654E-004   6.4178180784296235E-004   2.3671626341786904E-003   1.0069018900379317E-002   4.4824081353311174E-002  0.17788090616784236       0.39860387496995897       0.54298070222661166       0.62918684949567771       0.69704446929691521       0.75047331710704890       0.78528704924220727       0.80164021395995744       0.80259449574438846       0.79390193855291180       0.78514698215907497       0.78540896896037138       0.79460829462417182       0.80587546436114788       0.81523204757017242       0.82293888787694236       0.82974477005087832       0.83411872823726729       0.83149688676795974       0.81258988964376888       0.75326923577449056       0.58593915083843473       0.24174013661193036        7.5188201756033746E-002   3.3316781990599592E-002   1.9265554308095751E-002   1.1201871803241005E-002   6.0970431059164300E-003   4.3009832000657977E-003   8.0274998855572148E-003   3.1226227656967871E-002  0.13501447600526917       0.35632267228732623       0.51362657890594010     
  0.26296547186689467       0.42196915647436029       0.58280424553531029       0.68495974017420103       0.73080743472299725       0.74612260207731185       0.74860375612589325       0.74417908725331494       0.73088004159236564       0.70355605642369401       0.65409635638579056       0.56591313842993807       0.41163231444666099       0.20749612011911664        7.3328740143600524E-002   2.3827800871581348E-002   1.0124578729238685E-002   7.7632467113370393E-003   9.2305370338093256E-003   1.0878564971637238E-002   9.3323486667440461E-003   5.6168575228035889E-003   2.7377765851342708E-003   1.3131575483951205E-003   7.9352111641364602E-004   8.3500875086303954E-004   1.7576718384323049E-003   5.8553224157109436E-003   2.4105589928709214E-002  0.10359058806701989       0.33530914973818254       0.54176476396994688       0.63754491647921707       0.68605286225920037       0.72175744427941968       0.75075730048443678       0.76862827721546778       0.77028958240715095       0.75314670850914334       0.72246907082444900       0.70020304917605658       0.71153715526082251       0.75115779235156399       0.79117301417648556       0.81812744982961294       0.83383375281993388       0.84209288829333839       0.84394823609631697       0.83617929888786124       0.80720476958123422       0.71998870735277365       0.46989613919195200       0.10410033544259049        2.0909109375012870E-002   6.4023973374045095E-003   3.1890874441517442E-003   1.9108423532175143E-003   1.2832144057915861E-003   1.4432457393594310E-003   3.4726060483914792E-003   1.1809777283400588E-002   4.0197689731843442E-002   9.8557719650155542E-002  0.16482907387199999     
   5.2337889609712668E-002  0.11537610841405353       0.29367521077318487       0.52247890610939918       0.65002578927344157       0.69682495085772567       0.70145196152306377       0.67932698211610354       0.63563287380061662       0.57281146683429540       0.48607581432220304       0.35956522731506568       0.19956678167196146        8.0886529229754284E-002   3.0448328230144917E-002   1.4137917489368488E-002   1.0982434826585499E-002   1.4992030988966312E-002   2.6275943241493467E-002   4.0768940829571651E-002   4.1770215773381858E-002   2.7662619328408914E-002   1.4185379310985945E-002   7.1734034413117754E-003   4.4238239447471576E-003   4.1916018033677791E-003   7.1340751242537775E-003   1.9727029170301474E-002   7.0319656670483816E-002  0.24344438199373267       0.48398694214080701       0.61221619148291173       0.66693061988132030       0.69513407444429010       0.71410479068829535       0.72625548323800249       0.72568476668699744       0.70050458554291217       0.63606776109789254       0.53729032895081785       0.46825537580100834       0.50134324507366479       0.62050013513077040       0.73138898466551960       0.79363493841353949       0.82404512325010171       0.83747668881360293       0.83971796251246678       0.82905857182120746       0.79253323380061147       0.68484561199494787       0.38572247992221947        6.7762729303194685E-002   1.1532157159252579E-002   2.9305371401322075E-003   1.4192448314764667E-003   1.1140180809373721E-003   1.2289715848171779E-003   1.8735562785794518E-003   3.5882969114865524E-003   7.4746055786905777E-003   1.4764222096183289E-002   2.3468838353957751E-002   3.2116353612820281E-002
   1.1321650546089334E-002   2.7802827392546723E-002   9.1737201102578325E-002  0.28224512180519357       0.50158684395422437       0.59326956318518875       0.58236412075997801       0.49849022411902527       0.37553219368721341       0.25797310197039652       0.17416391570029674       0.11606661899729073        6.9683941141875302E-002   3.7191026601338398E-002   2.0635605620774735E-002   1.4439150523088229E-002   1.5414173249445717E-002   2.5895711501687617E-002   5.6184666275629416E-002  0.11470211817735482       0.15629014448231016       0.12762206967992867        7.4501052414668895E-002   4.1992010331757194E-002   2.7235962069716107E-002   2.4514779408231845E-002   3.4975441228246903E-002   7.5433772103559033E-002  0.19823529043572125       0.39691180460809594       0.52677886432305121       0.58512001769476130       0.62044823234339097       0.64881108986010794       0.66677688324393958       0.66872609300253738       0.64436878942259868       0.56849760031989449       0.40691812971736552       0.21460699616416418       0.13257835962442083       0.16676950475790214       0.36512232310614906       0.62039325547944923       0.74775223729933460       0.79974437704312040       0.81872163571412204       0.81967138012778751       0.80354423908649564       0.75753181562725924       0.63492759149998790       0.32927435847075498        6.4154940612160191E-002   1.4888115043691710E-002   6.6482670614653695E-003   5.1209982238038026E-003   5.1016371325730394E-003   5.9412514886093802E-003   7.6450577499459832E-003   9.8720311651361581E-003   1.1278958511432664E-002   1.0746013249127601E-002   8.7961871223422965E-003   7.8923796430326477E-003
   3.6892068292170266E-003   8.7096549334326877E-003   3.0155145933588395E-002  0.11026469058192094       0.28944617301057790       0.39356852931695097       0.32892857451531843       0.17813280568058285        8.4640618462109199E-002   4.8091960752719563E-002   3.4494889343623582E-002   3.1462238884827957E-002   3.4586085874975081E-002   3.6543491923728050E-002   3.0791390065473264E-002   2.2891723586183420E-002   2.0600346514429501E-002   2.8521786580701876E-002   5.8390839476268240E-002  0.13702807122206359       0.26109977371866738       0.33708767507643383       0.31118016332570730       0.22811771090434232       0.16180342808915135       0.14247854035426216       0.17339460299052661       0.25917116838021492       0.36114508105528359       0.41032418838199658       0.40750260722514309       0.40927379939778274       0.45054311688404058       0.51669290477960850       0.56647839126518829       0.57594425959512108       0.53223520937338242       0.40697155523853412       0.20739165779938648        7.8403523605563546E-002   4.1920691884163176E-002   6.0127169456933062E-002  0.19090317128875242       0.50935311722765719       0.69521902654576928       0.76372498793897570       0.78114863112057187       0.77066413283584456       0.73586235726178373       0.66698327352895725       0.52905193998281053       0.27642375203289338        8.8618931236857476E-002   4.4158947460925621E-002   3.5721216418072799E-002   3.4547306162040679E-002   3.6272017430706599E-002   4.0561926970930993E-002   4.5102959438139474E-002   4.2957446808647978E-002   2.8457599289873178E-002   1.3802716714107769E-002   6.1811968890315531E-003   3.3893156475339379E-003
   2.1340802378969062E-003   4.4833238172119656E-003   1.3962698969480486E-002   4.7170912772446824E-002  0.12752078383225160       0.17023654702426261       0.10357550141424499        4.1591222339102646E-002   1.6802771067939464E-002   9.4813360429081249E-003   1.0064306513055793E-002   2.0605671975585889E-002   5.0920480124385992E-002   8.4368212004845067E-002   7.3478155001916762E-002   3.9891351117159517E-002   2.1676321361938648E-002   1.8023171932680722E-002   2.7621941631916492E-002   6.5393192268185393E-002  0.17843416624695380       0.37969996523116750       0.50972228823743926       0.53077788023897710       0.50478066020507284       0.47837502056077980       0.46793001875386281       0.45186161953923015       0.38077907646097381       0.25273559793331390       0.15786746260986817       0.13469058992758848       0.18053975058993851       0.30259704565837842       0.43371884258323007       0.49115373008803437       0.46662784510998873       0.35602510681508731       0.18959093062743371        8.3369235408517706E-002   5.1116837954934595E-002   6.9509336879122460E-002  0.19282242046234083       0.48347080217453720       0.65902140600885450       0.71547822725491772       0.70760102347918774       0.65195371245965572       0.55647742828031854       0.43338381654545122       0.30197532260284204       0.20337117932975565       0.17484898495337683       0.19428116097840528       0.21567053232687672       0.22977861560647234       0.24595775325296507       0.26618982108215644       0.26520251819746143       0.19624559132458957        7.7419097886254937E-002   2.0784698659346058E-002   5.8602070307094229E-003   2.3423147195941632E-003
   2.7501188827453696E-003   5.5787588556522241E-003   1.4557939494316115E-002   3.9436787802007121E-002   8.4938271350734770E-002   9.0484086301231975E-002   4.2749594824752837E-002   1.4597151929744170E-002   5.6739380044810855E-003   4.8638183050095513E-003   1.2272486469086479E-002   4.5447191360504423E-002  0.14405117037916287       0.22865649886250444       0.15482442867456414        5.2506487813024076E-002   1.6867587319106817E-002   8.2215936795145498E-003   8.9751673546664950E-003   2.0398415716358805E-002   6.9314027538345771E-002  0.25642181445411527       0.52907474598273851       0.64210732397507508       0.66301791473396454       0.64629330989857259       0.60104004152926382       0.49626119586228901       0.28958301238188966       0.10776491162467541        4.6419477017347992E-002   3.8073236787611535E-002   6.8600146301839471E-002  0.18292715240938195       0.37779761121457639       0.49698865874365000       0.52062292951514244       0.47104698208726409       0.35940580212254369       0.23762411193879035       0.17606371622526007       0.20003414175450718       0.34060177644267564       0.53455218448520614       0.63454225934193031       0.64008271999951483       0.55673324119443035       0.38393777046344774       0.20341301054424929       0.11178592145758527        8.7177889441515652E-002  0.12875186540408193       0.29790760342578865       0.48092730862303301       0.57355213957011331       0.61207988905055288       0.62815876581201346       0.62795876689906671       0.58794413758223651       0.43923340170723008       0.15223205991486222        3.0056385604995156E-002   6.6562715231780574E-003   2.6065366989579961E-003
   8.9179309481875694E-003   1.7913575682477367E-002   4.1531580364518199E-002   9.2429391937061511E-002  0.15359074152739829       0.13480639840495104        5.8582469265073225E-002   2.0398323460717387E-002   1.0078807887997540E-002   1.3136070753709620E-002   3.9407817328619525E-002  0.14388776704701545       0.34755798767461116       0.37665788352842322       0.17671622516754235        4.1279543931950310E-002   9.6853879023017179E-003   3.2846274616085054E-003   2.7543771757693476E-003   6.6805680347032468E-003   2.8691844299657973E-002  0.14568168515160157       0.48764451226758815       0.66519379176728000       0.70989746350925076       0.69646196528585869       0.63493095721190385       0.48647334488775157       0.22454907336485311        6.3729500869619524E-002   2.3885200514220724E-002   2.3083758625909750E-002   5.9238857594103606E-002  0.20400704958039645       0.44657919404654728       0.58501494665368092       0.63139422273574819       0.62773749738839879       0.58864905692283953       0.52574936407712125       0.46783745906320318       0.45347076727470592       0.49865934351718072       0.56046234343696033       0.57587219600823991       0.50424710653855653       0.31286149102531191       0.11910131552046023        4.4652477817048300E-002   2.3876817620741248E-002   2.9470467062704082E-002   9.4145601152693631E-002  0.36454633774718159       0.61290921793675135       0.71444479263086058       0.75243637062726465       0.76498968726992755       0.75876909353634991       0.71658074258193705       0.57746400305304346       0.24655014344668486        4.9531640163536936E-002   1.2271085218441094E-002   6.7160232821085178E-003
   4.6530508866172875E-002   8.7407757662837898E-002  0.17959406398792854       0.31978783896834184       0.40775046320989244       0.36115171133659879       0.19672549856405949        8.4390060622419952E-002   5.0996785860877296E-002   6.4169335087389562E-002  0.15308455390291012       0.37896348294653570       0.50808100811305656       0.38622929955353963       0.11118352208971492        2.1599755155566600E-002   4.3965188987009976E-003   1.2440678164889621E-003   1.0234802154512896E-003   3.3587408521280199E-003   1.8705423664777454E-002  0.11353892698575596       0.47868025758073696       0.67921587662033078       0.72932343063977934       0.71432084358911740       0.64699574238966362       0.49217697836668206       0.23116286448002651        7.0288067909300339E-002   3.0719260488715275E-002   3.7323628892708419E-002  0.10614335398945508       0.32923696958630622       0.56366451644623461       0.67414754939257726       0.71543494602785318       0.72384075981966034       0.71053986165326644       0.67719591345604013       0.62523565581279494       0.56160601264101040       0.50543812647500219       0.46879430934979527       0.41622164569602677       0.29087545549586236       0.12137066529050107        3.6467488232731174E-002   1.2336710187720234E-002   8.0375378318619951E-003   1.8379318839363411E-002   8.6588456285755136E-002  0.39006440575104984       0.64715094604117873       0.74547148094246019       0.78220686253357430       0.79602648777923113       0.79347330995419318       0.76269106148217181       0.66286446630032791       0.40363183148724752       0.12023917385139389        4.4037005644082375E-002   3.2949062833694601E-002
  0.25307292415347893       0.38311834483110363       0.51498302251229511       0.60697168556970660       0.64684734210573969       0.62502671155989109       0.52825478459660113       0.38164745940392941       0.28561418852635367       0.31635706795020774       0.45754267416702149       0.57920384616924570       0.54877354682589707       0.27986466215592959        5.4603826791734582E-002   9.4491445608327479E-003   1.7942444358781692E-003   5.0532336301266042E-004   6.3938970342775178E-004   3.1321744038719252E-003   2.0438530783953801E-002  0.13221645427688927       0.51917192578055393       0.70353859713773403       0.74433762070421783       0.72219140307853158       0.64779390141975302       0.49493027647540350       0.25951686209809277        9.8847262587334284E-002   5.5215726199547163E-002   7.7858777036946547E-002  0.20943926180956696       0.47080797870525337       0.64898056205081911       0.72918069233329952       0.76220082197786709       0.77128753515119242       0.76191044381749173       0.72880962179153075       0.65474433764301765       0.51243839824306148       0.33565886146686830       0.22372704637426996       0.16149507423183235        9.9834565541568374E-002   4.2589537531011426E-002   1.4810644896949787E-002   6.2386114549899821E-003   6.3606721207896209E-003   2.0049986989679330E-002   9.7490917842705582E-002  0.40038162816300926       0.63292678538007463       0.71990746428645458       0.75563105883471038       0.77724811011151074       0.78807752606667958       0.77760480263277876       0.72562440488139246       0.59158517557253842       0.36534708566518365       0.21194755272222734       0.18658266115607477     
  0.59791789840988741       0.65737355336009184       0.70789576479103433       0.74148142613432533       0.75733836708596436       0.75252820813433752       0.72170574190943648       0.66862926250152988       0.62295638725858804       0.62176286924483326       0.65470370657962496       0.65267423084207210       0.51301010130743574       0.16393283234116116        2.7691760778513163E-002   4.5302650725350859E-003   8.5943236593398974E-004   3.1929014465081754E-004   7.1975566980323695E-004   4.1456942589184198E-003   2.8467596579784243E-002  0.18656927007642948       0.57315306718017023       0.72448119983618375       0.74782085150958977       0.70652511260089046       0.59986571472010508       0.41283060752061163       0.20380941800011071        9.1770274580775107E-002   6.7285427860478503E-002  0.11259851843790426       0.29135030618230418       0.54183083433799395       0.68723716689701053       0.75471034739188547       0.78476673790017770       0.79353048419245464       0.78244238075785189       0.73868237472383491       0.62075959666287139       0.35762785424601073       0.12651918271594376        5.7896005537628352E-002   3.9567111474618097E-002   2.8845969460814611E-002   1.7084422484020378E-002   8.9299526641601554E-003   6.0374316084540122E-003   9.1266869830226287E-003   2.9635400655494405E-002  0.12501996180005512       0.38768943206078293       0.55659421596232828       0.61180326807681285       0.64507603367798294       0.69320923857705541       0.74273868275616806       0.76774016975731729       0.75862646267040756       0.71147541222479371       0.63132581982680169       0.56473172852654185       0.55575464137982888     
  0.73799763429640142       0.76101096872749829       0.78077567208181009       0.79532546704430862       0.80418213348817780       0.80522916765275387       0.79542954827157131       0.77469632017001655       0.75038046353292309       0.73289869207401714       0.71694866326661510       0.66198876957493158       0.46915723554665928       0.11815800505318705        2.0082201655778203E-002   3.6729186213546304E-003   9.3932758272106834E-004   5.4843325232682629E-004   1.2237582388966879E-003   6.2270483912476027E-003   4.0834861763793556E-002  0.25829804852019772       0.61002800515009636       0.72618602929025877       0.72156153207657814       0.62955027578493206       0.43410936421214569       0.20172305311047600        8.0160226880825816E-002   4.1730810167961374E-002   4.2350908581424949E-002   9.3277231248430625E-002  0.28067632538837434       0.54465205610237755       0.69338671977737354       0.76276876671136373       0.79476125062124081       0.80461310606579362       0.79189797243363358       0.73726970782744361       0.57584451269287407       0.22260972171055443        5.0358350488540607E-002   1.6777640476926575E-002   1.1062311224693045E-002   1.0079409180861209E-002   8.7112004414047622E-003   7.0713848300112585E-003   7.4690991751892250E-003   1.4656064000754518E-002   4.6087449071242015E-002  0.15421883944571535       0.31668897992634903       0.35748423364551485       0.32824621787778135       0.34510675946165981       0.45889509568195841       0.61751714342076625       0.72239234403794084       0.76025894560418583       0.75798265850567170       0.73682724940720856       0.71885410869863497       0.72008696710718945     
  0.77684476055947738       0.79269766834131061       0.80580162426736635       0.81597561705791788       0.82330152808291812       0.82617663145852394       0.82195719628313157       0.80891895937017833       0.78796443416774753       0.76167007647343321       0.72700206849881954       0.65756089675801832       0.47163775227678217       0.14443528707518197        3.1337033457079673E-002   8.4222452512339417E-003   3.3453785041885277E-003   2.2571283290202747E-003   3.4218487988468978E-003   1.1910703915274969E-002   6.3381741070867179E-002  0.33646552895361842       0.62658959634969225       0.70003162242220318       0.63840142639040309       0.43305549443588987       0.16740907180430575        5.3299697678530572E-002   2.0933681211790386E-002   1.3851727165618243E-002   2.0780155386806717E-002   6.2496245214273466E-002  0.23396034876256935       0.52214566109004446       0.68754969825164036       0.76379081225343315       0.79950671527106365       0.81153796633615638       0.79925969053879065       0.74074756855533663       0.56026403513557699       0.17376412667658306        3.1589058545014037E-002   7.7982113813069237E-003   4.3861655253242026E-003   4.4332669457081758E-003   4.8417159392785186E-003   5.3775252320354570E-003   8.0500057254921601E-003   1.9577022797857696E-002   6.1219704804621397E-002  0.15800426615706259       0.19842466728438740       0.12541374302027128        7.2561152729181427E-002   6.8795109110857747E-002  0.13168112083666839       0.36156818115423089       0.61975804248573341       0.72878735478748169       0.75812275928724859       0.75831577950904661       0.75559089204577123       0.76234486269990576     
  0.76894092251912560       0.79204923793477289       0.80839149137360078       0.81972573429190287       0.82764895796110760       0.83140010849073831       0.82848362775092887       0.81632634568143236       0.79362708577044627       0.76104049817799313       0.71959937479938951       0.66013625817995880       0.53693555943967175       0.28787272641924383       0.10057758944644908        3.9537582795343001E-002   1.9288785971982362E-002   1.3228908192796221E-002   1.5674993005472860E-002   3.6409755634606335E-002  0.13293016587198433       0.44155335922158090       0.63761948661836843       0.64459485419151730       0.47402673015114871       0.17230390513124205        4.4067597024528116E-002   1.2535809835668668E-002   5.3908383828874789E-003   5.3320014621838288E-003   1.3375593878360745E-002   5.4186619717173111E-002  0.23103853753902792       0.52435359873472820       0.68871220297005842       0.76536007777807502       0.80272062867289851       0.81658069643861897       0.80616448773372829       0.75044732985787777       0.57477608750360076       0.18027910786334694        3.0282980923511459E-002   6.0641282975849560E-003   2.4785354359356825E-003   2.1912052603284791E-003   2.5411397361612270E-003   3.4807714901816666E-003   6.9868410971196220E-003   2.0877181954033874E-002   6.9109957371178560E-002  0.15314616521172383       0.13127881133543651        5.0279900792668655E-002   1.8799912906713998E-002   1.4365219801633801E-002   3.3958082711478911E-002  0.13881875852799228       0.45036536567098762       0.64906192081303182       0.71042578328890116       0.72020663055666756       0.72456874660253245       0.74275054942722374     
  0.71951698488419702       0.76794739898992315       0.79570644987998262       0.81165206728966455       0.82155260581143585       0.82636696126263753       0.82386357543900435       0.81096997554037209       0.78560322317775988       0.74879161090587787       0.70733773145802059       0.66932786042365944       0.62306580981080972       0.52877890350927592       0.37475240702874030       0.21409325847855723       0.11901870164408081        8.4642068857846364E-002   8.9865927300867704E-002  0.15551045666055127       0.35153479180786579       0.57749736514955585       0.65638102480534211       0.57594380828759884       0.27978336177266905        6.0324772721947258E-002   1.2507772367976931E-002   3.3230855543360405E-003   1.8203674579433818E-003   3.5136131030336832E-003   1.4262777561627979E-002   7.0435812008137977E-002  0.29902174908627138       0.56842387349071566       0.70375936770102376       0.76986903750678548       0.80477627159190024       0.81878005153032196       0.80961934714918116       0.75766536848411981       0.59335538963262568       0.20463931596508636        3.3642087974467764E-002   6.0566821733075791E-003   1.8284622822479300E-003   1.2075607977283347E-003   1.3530621160862376E-003   2.2920815520177610E-003   6.2837692300892426E-003   2.3513843300625933E-002   8.8440767550052854E-002  0.19254206505100865       0.14774333223434438        4.5775447718838180E-002   1.1959217059633346E-002   5.4573299263870377E-003   1.1503433725051929E-002   5.2052053517776510E-002  0.23140862463282436       0.47133547151108013       0.56360246173195250       0.57728276208236473       0.59397618170258237       0.65053989562879222     
  0.61666927355472378       0.72324483938171003       0.77216715355026166       0.79516596277220708       0.80763958050212903       0.81368522628033169       0.81151363183259562       0.79777597724189875       0.77053769402220018       0.73277672598206778       0.69710686327331828       0.68071634059545694       0.68188948140267469       0.67586001757766900       0.64161516760817527       0.57675255790742630       0.49739160263258259       0.43599243755044859       0.43224796186055248       0.50167360260547245       0.60938265118073376       0.68469997469752830       0.67730225380250919       0.52165374796851349       0.16018992827042045        2.7622032964691626E-002   4.8755525761509039E-003   1.2048354170440842E-003   1.0277792590699425E-003   3.5927862684441507E-003   1.8891293573529852E-002  0.10390718194245518       0.39783972827380498       0.62094077323769303       0.72031788402708552       0.77169485324680265       0.80151058747349568       0.81364796425418973       0.80313613469671075       0.74975833259306002       0.58588985711275832       0.20750450831559883        3.4557762712208839E-002   6.1381235167523212E-003   1.6237742541020438E-003   8.5635334065734632E-004   9.6231729698275661E-004   2.1915702459193265E-003   8.2159152929664938E-003   3.7636786607925882E-002  0.15944498248331096       0.32887971984794706       0.27855207275635507        9.5385213074459921E-002   2.1735175207408929E-002   5.8568842486856204E-003   5.5122430858292526E-003   1.8425564147264366E-002   7.1111509913342363E-002  0.17430522151903380       0.23492602929829834       0.24159050847427119       0.28356177797609439       0.43189915049092564     
  0.49830896931646895       0.67842166043990648       0.74958132526734611       0.77761054675450825       0.79063025687927424       0.79629923917799728       0.79318154524062967       0.77787416178712276       0.74959124413393263       0.71464791364475178       0.68981989703373225       0.69156091810292752       0.71417293718289465       0.73622563103901162       0.74286441930461489       0.73081877925705407       0.70562098584642718       0.68119612020505060       0.67573056301909196       0.69597545047910336       0.72595673322191778       0.73583640971894071       0.68339705495612424       0.47191161193821052       0.10494073905524574        1.6469157262516399E-002   2.6585679817573860E-003   6.2963417292158472E-004   7.7762451733036440E-004   3.5358376552214951E-003   2.0490628378808950E-002  0.11817358861197264       0.43268476875405876       0.63217450484904114       0.71277550882817831       0.75411691199897968       0.77920898568780961       0.78758902745045178       0.77032361846579500       0.70275287250092811       0.51480798768617764       0.16279177552212087        2.8965218298776838E-002   5.6949288124190332E-003   1.6509651389359397E-003   9.0033787274220356E-004   1.1630734038605422E-003   3.4470349425146586E-003   1.5713475224651444E-002   8.0321350009075337E-002  0.32094839821587784       0.51920459887171511       0.49026106211483084       0.24882604804956679        5.5552551720824475E-002   1.1424936825815071E-002   4.3072608115058220E-003   6.6299863668522110E-003   1.7444740617281369E-002   3.5152683524740692E-002   4.4831279768363104E-002   4.8699026749748554E-002   7.5543199462929492E-002  0.20296313539076283     
  0.48771466331743052       0.67744145537619382       0.74671309400751040       0.76974225549783371       0.77687513192225810       0.77615566207257192       0.76577991077824947       0.74296185940391035       0.70987111408976089       0.67830847342793898       0.66777202313736483       0.68718625208116269       0.72236833551459367       0.75366798197676799       0.77160784944827754       0.77542825502329793       0.76904909519586506       0.75968600775716533       0.75537400589897374       0.75857872447753949       0.76103134395383376       0.74155522253815731       0.64993490373398810       0.37498215010155378        6.7529700144802668E-002   1.0181021737323818E-002   1.6113144479733444E-003   3.8105760807921070E-004   5.3786318319962699E-004   2.5510328086655624E-003   1.4507396319099912E-002   8.1588394801785161E-002  0.33569706417103140       0.54627524278446160       0.63240668651535847       0.67249190495637967       0.69517913536416254       0.69624759392108848       0.65885714000116757       0.54986943395082111       0.32003062079397770        8.5041334225022289E-002   1.8042099204917492E-002   4.6855409506203014E-003   1.8534846359895588E-003   1.2585097512819111E-003   1.8925149074626496E-003   6.4285588056899930E-003   3.2561730276954588E-002  0.17426257218055827       0.49734672924800355       0.64940031577268387       0.63473661660058489       0.44099575946352926       0.11872729536760242        2.1439424949160572E-002   4.9243541910550812E-003   3.1013875234829364E-003   4.9192405122408037E-003   8.0132535738728795E-003   1.0568990865637456E-002   1.6032116127142261E-002   4.2855403292113625E-002  0.16859566824650762     
  0.59320188787987538       0.72269772161108625       0.76595299867020972       0.77431539578398989       0.76671468178130120       0.74576691480341462       0.70730540059516267       0.65338352973207525       0.59670503695852561       0.56234599251898887       0.57354729125357129       0.62489345713335454       0.68542053102966005       0.73259408441164953       0.76162874165202255       0.77554563942136845       0.77892240752773223       0.77666635002725282       0.77285338138104209       0.76735598662052307       0.75143488225992172       0.69802173941872070       0.53705969388326791       0.20432848874257459        3.4357596863740972E-002   5.3137707734900504E-003   8.7435949966674364E-004   2.1615572441729779E-004   3.0082937952964731E-004   1.3085643228135633E-003   6.6135351712100212E-003   3.2531786022518883E-002  0.13179526468816036       0.28319948321264904       0.37159485567556078       0.41196590179745413       0.43121891391937917       0.41648732688288254       0.34105134240881074       0.20503445013049823        8.5447596085472352E-002   2.6313648077462341E-002   8.2195564566675608E-003   3.4926973091087134E-003   2.0956136849157926E-003   1.7499246848161972E-003   2.7959165042897734E-003   9.8859067979101510E-003   5.2385614518635847E-002  0.28059405139895593       0.59483417203271161       0.70924073878610094       0.69758232770465212       0.54073517993514197       0.17810827434507648        3.0073502198601252E-002   5.6514364700614777E-003   2.1205126312351997E-003   2.2604358224909945E-003   3.7724014955150226E-003   7.9431443654024905E-003   2.3384870743145693E-002   8.6563167637299779E-002  0.30679301366162670     
  0.70789477432503267       0.77259541318951941       0.79008367432406945       0.78152922625733845       0.74851418346435283       0.67567893518942201       0.54886694329707963       0.40472694533081793       0.29533137272049798       0.25800352310583602       0.30009933355616053       0.40787189853362782       0.53134506742890653       0.62885262424174360       0.69369972261312596       0.73417239517482358       0.75698376919938837       0.76577280705637496       0.76339226462447762       0.74762189535326662       0.70316210655644806       0.58269722866044527       0.31332649914658306        7.3638895179639854E-002   1.2948930762900962E-002   2.2108024304024307E-003   4.0332199332642274E-004   1.1144460433195783E-004   1.4570910452110523E-004   5.3576617448853985E-004   2.2424918975753206E-003   8.7699358938103343E-003   2.7661598196305676E-002   5.3452092867961917E-002   6.7698815348867181E-002   7.2278382076383194E-002   7.2885964371652567E-002   6.7269111048596689E-002   5.2721798982947807E-002   3.2432176143737980E-002   1.5449906581190626E-002   6.5623805891224206E-003   3.3836438300401581E-003   2.4486241399015673E-003   2.0490347668622607E-003   1.9056207433514429E-003   2.9283951151497247E-003   9.9949056275029074E-003   5.3255740868044417E-002  0.28969662722111922       0.60933696680515148       0.72325220277625846       0.71624269140982522       0.57449831151900888       0.21040445055967325        3.5540581428881945E-002   6.6193529804317603E-003   2.3779159458209983E-003   2.6432593847435875E-003   6.1093116213173804E-003   2.0032941152370337E-002   7.6307579904874911E-002  0.26390727431197908       0.54486616193511461     
  0.77580426351750886       0.80536576706629437       0.80693217841171572       0.78161350064366608       0.70661852986453766       0.51774061937053673       0.23209888403071122        9.2762945072943984E-002   5.2240394527007940E-002   4.4423409036274300E-002   5.6581136621235581E-002   9.6705822303853634E-002  0.18798660110120644       0.33443015803827142       0.48218126665461231       0.60298795586788512       0.68883604515938779       0.73133431939556726       0.73854271996107823       0.71127199045717870       0.62219349683410929       0.39868943551839886       0.11800156708276359        2.4048042954311611E-002   4.5424160467233540E-003   8.7358808029602494E-004   1.8733259279746692E-004   6.3759779485040585E-005   7.6120264482832455E-005   2.1669142040057078E-004   7.1612833974644540E-004   2.1965833031110256E-003   5.4284696285433563E-003   9.0139153759404098E-003   1.0575041671419174E-002   1.0713867828223362E-002   1.0387696451040115E-002   9.3475627719762176E-003   7.3215339469994943E-003   4.8188340696884713E-003   2.7807478052826818E-003   1.7486258738955980E-003   1.5420264708431587E-003   1.6690040499700873E-003   1.6681017168344726E-003   1.5618366839530301E-003   2.1418436973979446E-003   6.7221919957798238E-003   3.5302612718545255E-002  0.20024587187825377       0.55661168495334490       0.70801070145754330       0.71764402794007409       0.59666329861836531       0.26034518748447949        5.0489843809247252E-002   1.1738636138088272E-002   5.6648592049807515E-003   7.2348985789372107E-003   1.8395303842501414E-002   6.6244818668144287E-002  0.24233443581629496       0.52464841050907352       0.69781995023854448     
  0.80743049731695349       0.82242768692291335       0.81575708094817856       0.77522414647170579       0.64762513890319751       0.31377385109522254        7.0976081085601328E-002   1.9083675455773417E-002   8.6746180496401655E-003   7.0809612337721754E-003   9.2882391159448650E-003   1.6292759121366161E-002   3.2109956281266366E-002   6.3725865261733697E-002  0.13406966661362002       0.30582312047363686       0.53895221334098320       0.67268185890833754       0.71103108463351672       0.68224866059539346       0.55778031929377658       0.26932053958451024        5.7818214219825331E-002   1.1087781791126983E-002   2.2432620643489387E-003   5.1763022746493961E-004   1.5512976680753557E-004   7.6042095257726865E-005   7.7411453027280438E-005   1.4163191359120467E-004   3.1745647098682076E-004   6.8976277070798128E-004   1.2658474553661106E-003   1.7328869433019571E-003   1.8262073005242923E-003   1.7243783489222747E-003   1.5924606899857200E-003   1.4018330650714009E-003   1.1205451681658633E-003   8.3137017965464013E-004   6.7782625019701878E-004   7.8216158016756673E-004   1.1494998830112453E-003   1.5165966870693626E-003   1.4907962457776354E-003   1.2181335328008734E-003   1.3399638999494836E-003   3.6476171963090395E-003   1.8442243967840076E-002  0.10712116617343422       0.44822383508888108       0.66897792589599570       0.71388097558770192       0.63640137223718440       0.38390300410186856       0.11358235067106916        3.9019406452559982E-002   2.4177567225561643E-002   2.9653442917744941E-002   6.5323511757728228E-002  0.19931861051253638       0.47554858525363725       0.67193423881349978       0.76555415517326098     
