  0.99042163129502592       0.99998998641967773       0.99998998641967773       0.99998998641967773       0.99998998641967773       0.99998998641967773       0.99260112742291251       0.93923669170150736       0.69684416676959771       0.21338378955270451        6.8967889645985200E-002   4.1046083302000470E-002   3.7087503796874123E-002   3.8105080907166959E-002   4.0390023540971209E-002   4.1978700471801404E-002   3.9953257993638275E-002   3.3640027127346400E-002   2.6055612308817665E-002   2.0432017802257174E-002   1.7826337720033870E-002   1.7680172952907195E-002   1.8793287190562828E-002   2.0382948168151879E-002   2.2275634795061859E-002   2.4722814164499413E-002   2.8109187175758180E-002   3.3833537667800631E-002   4.9251654384153840E-002   9.6797630602712903E-002  0.19312484782685824       0.27942760549216417       0.29956026732635521       0.23921410055975201       0.13489041692244974        6.6422012760638222E-002   5.5607134009498842E-002  0.10988568281428621       0.32253247573631644       0.63922893028227334       0.79352019850287947       0.82868810079241084       0.78938496013004100       0.62424057631140784       0.30133360866850784        9.8294679340970192E-002   4.3723088011801158E-002   4.3814410428038554E-002  0.11083016486881585       0.41707193162693534       0.87906632908935445       0.98789673031268344       0.99935934054779352       0.96796207848409499       0.81624100769112351       0.34527626131356998        8.2837465530764931E-002   2.5577420027448582E-002   1.8289619495800945E-002   2.4273412767925894E-002   5.1854533942031655E-002  0.18103486826246931       0.64306678071186929       0.92577818565706094     
  0.94468921829661023       0.97639486566238642       0.98472683763321522       0.98766725787939746       0.98780146725434659       0.98321944676236828       0.96094139658635025       0.86457037390802627       0.53665913278670563       0.15759396623102229        5.6102923704660600E-002   3.8181142477873291E-002   4.2879426235997706E-002   6.2931465700729480E-002   9.4849318983667705E-002  0.12610276135837048       0.13417363853725886       0.11152722056068277        7.5419111478303796E-002   4.5214640289710249E-002   2.7813071779776839E-002   2.1409814010513922E-002   2.0449305905643207E-002   2.2051157759190611E-002   2.6117642411082179E-002   3.3886043777360125E-002   4.4644966250762280E-002   5.3420017518448847E-002   5.6388353157941142E-002   5.9226994551004504E-002   7.0961432400105592E-002   8.4919366122773871E-002   8.7999924477728184E-002   7.5220094676840835E-002   5.5378811357878248E-002   4.6306345409809442E-002   7.0069359491782557E-002  0.20983214869267139       0.65103273524794014       0.89922500446959264       0.96566961707546084       0.97683942474546026       0.96426452190970346       0.89157761232921873       0.62555043421257062       0.19356936704678365        6.4351122567931046E-002   4.9060882072262731E-002  0.10483241815928059       0.36835314135527958       0.83859188198840784       0.96864247642556545       0.97805456407602887       0.91178966299012043       0.65132770479454294       0.20199670685539658        5.2534793263698497E-002   2.2620948234884433E-002   1.9605393278737268E-002   2.4259245712003812E-002   4.2680509744183914E-002  0.12477160813647241       0.44105927546247248       0.81772815859149739     
  0.74626974896103115       0.84782598212095417       0.89094946137688413       0.91004742939960193       0.90946402445956787       0.88348796834653054       0.80729011616601787       0.60177244151567044       0.26007299938768613        8.6035310608184590E-002   4.3138044552620998E-002   4.4236141886800980E-002   8.2639173580182537E-002  0.18649965284475634       0.33790412882299198       0.47733455147778242       0.51820320065368930       0.43539236657225089       0.28554666004359480       0.14717912271643768        6.2256324850318651E-002   3.1224802884027271E-002   2.4144008679503819E-002   2.7175547427372299E-002   4.1610989882909358E-002   7.6418219614554403E-002  0.12822746660188980       0.16496346116183502       0.15420749303868508       0.10729523022121970        6.6903021919428929E-002   4.9268374597378491E-002   4.3378884375402327E-002   3.9683411428837183E-002   3.7096042309409223E-002   4.2439597733758952E-002   8.4737324011861723E-002  0.28915799172623274       0.80136451485226856       0.96732370541423429       0.99853488436345084       0.99998998641967773       0.99824522470765664       0.96327428066798471       0.78388260146323752       0.26915552401700377        8.0805537835209135E-002   4.9673373770896069E-002   8.1231808912943543E-002  0.24434810503325965       0.65738549646582223       0.84969308656375209       0.85830897681912222       0.71288508617960167       0.35027834598580643       0.10337314016516731        3.6238631498409557E-002   2.2863788253874456E-002   2.2111739953895169E-002   2.5152280436819538E-002   3.4076828030328229E-002   6.8176457707307389E-002  0.19733905111583400       0.49721874292911061     
  0.26091769235184409       0.37702280324130538       0.49039174749649961       0.56192615929158929       0.56016778799030542       0.47714413671040734       0.33931462021495501       0.19954167142581089        9.2300908006812454E-002   4.6729695518694214E-002   4.0217551726213580E-002   7.3305716111366354E-002  0.22072023419500764       0.55726344746369838       0.79798876277279529       0.88619306698236500       0.90357544743754248       0.87029754621387012       0.75634297745111423       0.47624952560049949       0.17568335216402886        5.8650512135116968E-002   3.3275469859360612E-002   4.3224020269539011E-002  0.10082144940197271       0.25351865614060942       0.46577099871719241       0.59446278704223054       0.54643446806486584       0.34500405786245375       0.15003670770353081        6.2687236534764462E-002   3.8392341630432696E-002   3.2652931510972122E-002   3.2536388568503993E-002   4.0688248724276357E-002   8.6619689400357455E-002  0.30194617311206923       0.81853811599733672       0.97356137589932201       0.99998998641967773       0.99998998641967773       0.99998998641967773       0.96844133667132859       0.79804320398352857       0.27906153421614049        8.2835814626106910E-002   4.6208784880159615E-002   5.5527698012455322E-002  0.11369183419170392       0.26822975587814929       0.41570109066368560       0.41741872490325305       0.27908547447590137       0.12638989666972336        5.1622360232250218E-002   2.9668768396067136E-002   2.5698274115875625E-002   2.7565359657932505E-002   3.1447762665103046E-002   3.5974793652713312E-002   4.5355038929749528E-002   7.6110287344478264E-002  0.15310612241183691     
   7.4993953734011506E-002   9.7656995034624147E-002  0.12429129397407088       0.14403319432837192       0.14572116668491483       0.12648276171872361        9.5268535279113609E-002   6.5185885861290885E-002   4.3562109232596645E-002   3.5655245367630865E-002   4.8515381575477898E-002  0.13496924240482358       0.47642310735421600       0.83811004607103090       0.95544853657861872       0.98457445553804557       0.98911412443025848       0.98108046980000041       0.94329802972659971       0.79990621686791497       0.40889847440471194       0.11674273433996538        5.2671925104138664E-002   8.5092058029917428E-002  0.27255507921547556       0.65667903960746099       0.86094245790662494       0.91932907929195939       0.89652464781614538       0.75128355409158387       0.37744235469498599       0.11349891778486695        4.5546335118350920E-002   3.1747487982534427E-002   3.0471923405437518E-002   3.7128988697135483E-002   7.2943834346614084E-002  0.24089266929175968       0.72184390046199809       0.93341130633764180       0.98237465236424493       0.98891338717064381       0.97878347312316150       0.91954530010136781       0.68226644416646731       0.21809336591580508        6.9679014780790485E-002   4.1149611986716975E-002   4.1759086914413671E-002   5.7530182741007192E-002   9.2522844764146392E-002  0.12619736881635099       0.12442776752528695        8.9223140605625653E-002   5.3331468043284619E-002   3.4987903216462196E-002   3.0065622663524583E-002   3.3511632245406646E-002   4.5498467296012396E-002   6.2239536530823161E-002   7.1811846996701303E-002   6.9423107318042743E-002   6.1478932098095664E-002   6.1525188949710430E-002
   4.7259360611200826E-002   4.0046521016469334E-002   4.2445674593706233E-002   4.6856539367201452E-002   4.9660125177281203E-002   4.9329428546148781E-002   4.5891673780606664E-002   4.0566920830318966E-002   3.5631743463819858E-002   3.6202571399475580E-002   6.1462585932319576E-002  0.20418439683012757       0.69158851945171385       0.93536962664656631       0.99089633742223504       0.99998998641967773       0.99998998641967773       0.99956544188955898       0.98787872613275196       0.92228524996605243       0.65067996428076125       0.19195629846834869        8.0570314147312860E-002  0.15383999302252752       0.52898815472126226       0.87509078527703643       0.97297911347328969       0.99207397371348827       0.98383433385593255       0.91345986644141819       0.62488597128088019       0.17878371435125237        5.5764571441892653E-002   3.1911713201949014E-002   2.8684706851218666E-002   3.2418947731825576E-002   5.1909028872112996E-002  0.13861327060401760       0.43601928855276667       0.75262513332574521       0.87040309826242468       0.89342638230611149       0.85689904237488568       0.71626235929346727       0.38119949787405488       0.12210413075837542        5.0621160151341084E-002   3.6633015401194284E-002   3.6340917491362354E-002   4.0480100032852143E-002   4.7479221104880447E-002   5.2972062537919924E-002   5.1115172876028639E-002   4.2884081692649102E-002   3.4904711107794958E-002   3.1729108149083279E-002   3.6023729153027373E-002   5.7239071228530780E-002  0.11871666158423780       0.20736179581806269       0.25362362538748895       0.23139742985363163       0.15626857783925205        8.1124527770859961E-002
   7.8036663173585111E-002   3.9304683791644354E-002   3.2975414245748159E-002   3.5176540595413350E-002   4.0620540770380680E-002   4.7671326801617384E-002   5.1669806269275018E-002   4.8674584954616455E-002   4.1919696301085295E-002   4.0906109229740459E-002   6.9925429051780702E-002  0.23766878720787213       0.76140936914665391       0.95798357627635666       0.99660028420142022       0.99998998641967773       0.99998998641967773       0.99998998641967773       0.99579684797867984       0.95296955573520337       0.74233360047387542       0.23374497652117338        9.9909008800255855E-002  0.20560578385757525       0.67969831913441359       0.93838863102632675       0.99499563596197826       0.99998998641967773       0.99709149886896808       0.94616875527919353       0.70236882657762956       0.20346440192778489        5.8825706172959326E-002   3.1144982694921178E-002   2.7276433660464890E-002   2.9083857814188131E-002   3.6833390854869606E-002   6.4625819437465995E-002  0.15043676313658569       0.29622934878595558       0.43119125362308364       0.47641846448706326       0.40489762359820086       0.26500878566109753       0.13033033721441378        5.9395137816248875E-002   3.9429635806238192E-002   3.7402145210523763E-002   3.9470030012062146E-002   4.0848270033118923E-002   4.0373546578325925E-002   3.8103134432305404E-002   3.4708220602392544E-002   3.1410851806574588E-002   2.9850338438442210E-002   3.2738195513555203E-002   5.0065204090646409E-002  0.12470595634049342       0.37433356399901513       0.67341403008227674       0.77805263439437755       0.73655392136866105       0.52750137360217109       0.22757360258643755     
  0.15422216379791623        5.5368095955145483E-002   3.8588453640694076E-002   4.2375786323837435E-002   5.8078330901442342E-002   8.7393631164986121E-002  0.10792038340417071        9.6619605868407385E-002   6.6867925096546071E-002   5.0144145433730573E-002   6.9918236962538322E-002  0.21923757095670288       0.71811974639145604       0.94330308955379261       0.99252855793927308       0.99998998641967773       0.99998998641967773       0.99998998641967773       0.99207644505148795       0.93928754189973540       0.70136123547304630       0.21527475356875930        9.4683999815175654E-002  0.19661548772651635       0.65462109387696699       0.92813033457726901       0.99169921026640240       0.99975008111868835       0.98725399607011333       0.91182328138874058       0.60952307236612258       0.16975339717420740        5.1804910475280748E-002   3.0377509297750457E-002   2.8968315342865900E-002   3.1324746794981984E-002   3.4440223453769528E-002   4.0788549070389736E-002   5.7886829529914412E-002   8.8072815776257335E-002  0.11867009635494415       0.12920755405104903       0.11140108887545787        7.9468563148040974E-002   5.2230091459734118E-002   4.0727972231241284E-002   4.5067790397459347E-002   5.9994932746663822E-002   7.3545913769449689E-002   7.6058363633900394E-002   6.6121702778066255E-002   4.9652818645278742E-002   3.5917545715768495E-002   2.8899639676738101E-002   2.7784470064413383E-002   3.4657424726463236E-002   6.9729417769040208E-002  0.22915909917210253       0.69571713027342141       0.91679172373169615       0.96511175072426703       0.95073213945442547       0.84821409186573116       0.52160544239223527     
  0.22857040334294579        7.2948191067942661E-002   4.7407385929379570E-002   5.9370895002110395E-002  0.11254960703054540       0.24200562909217355       0.33498447981566626       0.28783428270997080       0.15386531754489655        7.3530966048085136E-002   6.4477325229365626E-002  0.15672062573710863       0.53425429182682116       0.86657661050442125       0.96639573930969180       0.99073590050821858       0.99516876673937893       0.99088689667320584       0.96570811125150768       0.86004053876702824       0.51110814588538478       0.14784096544796160        6.9408044902886365E-002  0.13347579716474808       0.44964341241388295       0.81886120591567702       0.94091644056938306       0.96016360929450928       0.92187884396194375       0.76077453085292024       0.36205748226171930       0.10436257807372605        4.3704949612783060E-002   3.9019624107517817E-002   4.8843616547939075E-002   5.8071051373723183E-002   5.9120854762558753E-002   5.1941286518826589E-002   4.4405794412695300E-002   4.3187096752870954E-002   4.5848873887632591E-002   4.6694141497034110E-002   4.3305606326044181E-002   3.8293991807792992E-002   3.7082068074274672E-002   4.9310426075619751E-002   9.4744672806509125E-002  0.17985092532406138       0.24934035141982672       0.26250075319480776       0.21639477220411396       0.13566338633180508        6.8899378856409121E-002   3.6860827983901348E-002   2.7926216435184510E-002   3.4932945047601832E-002   8.0720205753065669E-002  0.29097111441283857       0.81141478412307466       0.97270248986330321       0.99998998641967773       0.99730767618697203       0.94783415584634645       0.72514436349186873     
  0.24408636968139133        7.9023362919008244E-002   5.5096395586961479E-002   8.6280076568579556E-002  0.23240957647775293       0.62363445863167044       0.80248896799256897       0.73099173292155095       0.38809206540273017       0.12655330619676042        6.2115323011986689E-002   8.8816083442566224E-002  0.26376329705959534       0.63141642443864898       0.85228954251415145       0.93183876355938677       0.95047306422789757       0.93212296611005219       0.85100229385809301       0.62213285838141208       0.24945584306167717        7.8806446078055203E-002   4.4651800851117980E-002   7.0471985542223753E-002  0.19826317308362415       0.48668923896300909       0.71157697809427156       0.75817109165403618       0.65650906095494110       0.38654119193751246       0.14925106126673343        6.4033006115043631E-002   6.1808881217599247E-002  0.10071145013732372       0.16230382193577914       0.20522489083125842       0.19990771862653098       0.14562287209493197        8.1290823115346397E-002   4.6151053005496545E-002   3.4730808647605936E-002   3.1618082987560775E-002   3.0588455898753402E-002   3.1755096847342790E-002   4.2626748476802673E-002   9.4846838588003995E-002  0.28348487744402107       0.59508741253859787       0.76292154396505130       0.78831893235779460       0.70532384705073603       0.47520264889001446       0.21758069425481982        8.1306693998366097E-002   3.6787751609925250E-002   3.3879167107767234E-002   7.4893312693038033E-002  0.27349501363130535       0.79248896364495425       0.96710415052609833       0.99998998641967773       0.99972005836622446       0.95666791793633377       0.75151311598585779     
  0.18873410786159295        6.9552813974617628E-002   5.6766534810108987E-002  0.10152728020807368       0.30565929096785838       0.78337381765948111       0.93756254644673143       0.89440378032854118       0.58602426650578521       0.17679086726642076        6.3776843919755216E-002   5.1731759756292517E-002   9.8330998011203125E-002  0.24112318780512704       0.47452693971466775       0.66866586788051274       0.72835267297033846       0.66908643950009417       0.47318696229437862       0.23644938434255611        9.2199195869712008E-002   4.1695954299593968E-002   3.1716301885566754E-002   3.9673272289036353E-002   7.2249936572173434E-002  0.14401837732284789       0.21681523716369816       0.23546267141862126       0.19125263520226021       0.11506855502214867        7.0303706152011314E-002   8.8328380728999401E-002  0.18568808723468147       0.37215223234895689       0.59889177308751429       0.71273736429763535       0.69055079827952914       0.51028110607586319       0.24257595794026285        8.6846591678998053E-002   4.1328297889814798E-002   3.0692767817514705E-002   2.9039434131019951E-002   3.3226628050827003E-002   5.9124408193509802E-002  0.18551705772382923       0.60517454405868898       0.87926801884843764       0.95578383285581192       0.96490289020719444       0.93716888835856382       0.83837760730591293       0.58162436180571908       0.23420718068244148        7.6205287431874366E-002   3.7865837758193827E-002   5.7405988022703844E-002  0.19047450117909689       0.62600323560381810       0.89047630673800804       0.96071073751004954       0.96063752988643292       0.88625069092552800       0.60808883519035972     
  0.10428484422238755        5.3410118920702215E-002   5.1595233093174771E-002   8.8957180084515211E-002  0.25366743331193303       0.69101954684211597       0.88294399790466560       0.85628497994309949       0.56498168226124967       0.17965604146312403        6.7045647765641772E-002   4.2888994554268409E-002   4.6101417607011051E-002   7.4055721982011782E-002  0.12848578019564771       0.18556935000600353       0.20828555299553975       0.18499516843571001       0.12688803414194866        7.0869153429613169E-002   4.0170837450794909E-002   2.9767271789104634E-002   2.8341974517778114E-002   3.0847237325537395E-002   3.7881446961600868E-002   5.1003635286821294E-002   6.3582160242314945E-002   6.5900864167012116E-002   5.8168519260005901E-002   5.5327350573863850E-002   9.6147685789012727E-002  0.25330412119163881       0.56208497341024222       0.80230449382643998       0.90958371294365514       0.94611960623080482       0.93748096408947479       0.85298985035247754       0.57460481940657282       0.18151834046178766        5.9776254555586876E-002   3.3811152740427154E-002   2.9796106049324648E-002   3.6039285513987850E-002   7.6142294660908411E-002  0.27017218091645684       0.78282253608885288       0.96000701720260595       0.99528365352640902       0.99791106200964941       0.98977221246621072       0.95876541055493247       0.85302761020363904       0.55460028012617235       0.19830881732729677        6.4310672947158976E-002   4.3602245423085773E-002   9.3739054507325753E-002  0.29166516480396787       0.60580254460040295       0.76325892430744879       0.76594690464823123       0.61372656408999549       0.29957601897916242     
   5.8455441993997534E-002   4.5215145548213521E-002   4.6112166455035179E-002   6.3498236862609553E-002  0.13453117449397922       0.34610059238283863       0.57180272146810962       0.59149282989317797       0.38640706035830230       0.17923982102172686       0.10171872862555772        6.8615492614228113E-002   4.8144473568681456E-002   4.0406176174064688E-002   4.4458337023995383E-002   5.2296334823784527E-002   5.5441197486747751E-002   5.0895120182377351E-002   4.1331631487909887E-002   3.3544473818057058E-002   3.1189421814221352E-002   3.2161370981674410E-002   3.2989183383895150E-002   3.2536247194937210E-002   3.2192941669727367E-002   3.2875114193304182E-002   3.3451809277268825E-002   3.3425046827134854E-002   3.8811560809002929E-002   7.7856378903964768E-002  0.24356095507239375       0.61199344939180589       0.86284101844725458       0.95460913643691658       0.98490433815752576       0.99431889290648467       0.99191257198911176       0.95669231356603279       0.78425773318234415       0.28684064591783920        8.2022904731808191E-002   3.7956811845633279E-002   3.0837590929693206E-002   3.7698818444478623E-002   8.4856609074670394E-002  0.31093402609470733       0.83256884737042269       0.97630468112605251       0.99998998641967773       0.99998998641967773       0.99875218155109680       0.98957599192946089       0.95358641672475897       0.82222398122824480       0.46908890450137658       0.15303180360480187        5.3626128527345829E-002   4.6624272893009668E-002   9.1584632926130449E-002  0.17788256607351075       0.24445343131540154       0.24911470820276091       0.18918495930639820       0.10482760070214242     
   6.0096300455167770E-002   5.7975173195577594E-002   5.2928712159952693E-002   5.1757511070374448E-002   6.7236375208461180E-002  0.11786544137510688       0.19371242894581053       0.26538063273695955       0.33453573630946570       0.34160780161772863       0.29782935925727139       0.21584052516173916       0.11748699773480965        5.5500580953463323E-002   3.4444420092142415E-002   2.8782288452368777E-002   2.7032706285816437E-002   2.6538329305633015E-002   2.8669627650417407E-002   3.6534566715722652E-002   5.0157445015739363E-002   6.1066563320334964E-002   6.0428174511788127E-002   4.9153069264775438E-002   3.8158853961132437E-002   3.2399586305742578E-002   2.9804014358607255E-002   3.1520100847666273E-002   5.2876363480760732E-002  0.16371858046632376       0.53414594474639898       0.85729724017407194       0.96273936157254258       0.99097060161257733       0.99849321912242750       0.99998998641967773       0.99998998641967773       0.97974640260561441       0.85099904352071754       0.35452519707127300        9.7464476134032058E-002   4.0942643475788416E-002   3.1458432363644741E-002   3.7306055281961632E-002   8.1605556493942633E-002  0.29706120026459309       0.81926976864789236       0.97175946182195638       0.99845435426474305       0.99998998641967773       0.99998998641967773       0.99754913465953410       0.98587938726224200       0.93914366902934232       0.76788006271359310       0.36783509474349413       0.10952494046930923        4.3137120117666732E-002   3.9661258573501154E-002   5.5089809727582116E-002   7.0044678931384760E-002   7.4629060684684029E-002   6.9211459846125117E-002   6.2065828459113841E-002
  0.14655257922403186       0.14730687950128091       0.11082955272197567        7.1113265039169704E-002   5.2349033646465426E-002   5.7829828933110013E-002   9.3889473987213659E-002  0.22250082764682211       0.57305371414084405       0.77347516640084346       0.79405424297206051       0.67704487877848096       0.37471828120526124       0.12460889543227599        4.7468972667023379E-002   2.8197109896306045E-002   2.3878368272261523E-002   2.7229238621404910E-002   4.4365330477627397E-002   8.8543956096469117E-002  0.15886824446681660       0.20747508820026861       0.19256002891790311       0.12258185860915029        6.3266151631272693E-002   3.9795985314790117E-002   3.2890528617310205E-002   3.8386299254626839E-002   8.5950784260590385E-002  0.30717610351490748       0.77357562234610033       0.95020575972910348       0.99085793469762617       0.99885237020566664       0.99998998641967773       0.99998998641967773       0.99998998641967773       0.98018749160545404       0.85363816055550146       0.35787837482078205        9.8254300056776614E-002   4.1259338540413928E-002   3.1411908257785691E-002   3.5128792507883366E-002   6.8248924737558600E-002  0.23576025337204906       0.73339475885456396       0.94365307604194082       0.99039110965741906       0.99866689131844888       0.99998998641967773       0.99990339452761379       0.99650719689470679       0.98106853319775844       0.91567500999655149       0.67716764685275666       0.24337477625106277        6.9583472947096034E-002   3.3876716458817159E-002   3.1652958613607091E-002   3.6821703179378586E-002   4.6892573181930512E-002   6.9841730858535622E-002  0.10958215251218922     
  0.50871060834337445       0.51131245921336854       0.36057393175725444       0.17807015922951108        7.5156220514491223E-002   5.1314559502100066E-002   8.3545351336004312E-002  0.26760415621171002       0.76015806569354705       0.93758880686298340       0.96515304833532778       0.91998695118051699       0.70945740453912531       0.24473945656744975        7.2356486986490304E-002   3.3157653649252078E-002   2.8132744737770124E-002   4.6307865312324288E-002  0.12031254495355302       0.30735945286568483       0.56944711864362085       0.70168991661813718       0.64613499325771517       0.38568730471522455       0.13754599785861071        5.7319359234419755E-002   3.9016218301608861E-002   4.8495529185354866E-002  0.12940847500259120       0.47546218562930670       0.87928823371766640       0.98113537512781235       0.99870778577196317       0.99998998641967773       0.99998998641967773       0.99998998641967773       0.99582344956210067       0.96394264636524252       0.80144295802872434       0.29778063793339282        8.4295989576621530E-002   3.8863231228617248E-002   3.0848600174232892E-002   3.2246507710228071E-002   5.0617597407096031E-002  0.14796343911662665       0.51005753360045869       0.84936604846617925       0.95956090691409002       0.98886662248878776       0.99710841418572016       0.99983472517957928       0.99998998641967773       0.99562102958797993       0.97118173447264800       0.85507421754810520       0.45860091918343282       0.12297018898219091        4.2727709160351367E-002   3.0646662038087972E-002   3.7331167408016355E-002   6.9368589392963947E-002  0.17268858449764879       0.35480814258168680     
  0.89281833399215149       0.89357416818128321       0.78771353030627267       0.47293531212821754       0.14912575743533080        6.3838095639661516E-002   8.7601486891570296E-002  0.29363619108344829       0.81557640756203609       0.97360839978142222       0.99998998641967773       0.97965180188258227       0.83681107252883546       0.33340153229908659        9.2191730926100168E-002   3.8953232493879511E-002   4.1719358541313388E-002  0.10866083625493601       0.34647912852601770       0.71489548451961293       0.89387246127118503       0.94480078259519906       0.91334388291025081       0.71467066164621729       0.25372782106652575        8.1726808460410916E-002   4.5365371126728067E-002   5.5555088677972292E-002  0.15579839217936642       0.56330446979049087       0.91155116568303818       0.98943652305536700       0.99998998641967773       0.99998998641967773       0.99889615320203939       0.99431036606838374       0.97652960553150436       0.90364088797447195       0.64040126995963320       0.20058686918567711        6.3021179320127782E-002   3.5134234531536281E-002   3.0192096891142915E-002   3.0027636199276748E-002   3.6585766561166598E-002   7.4614303113946262E-002  0.23325897946174859       0.59097880764123767       0.84711519533168866       0.94715121830419136       0.98214458604387289       0.99489626680141796       0.99978187557911224       0.99998998641967773       0.99066654002799759       0.92773869369952988       0.64612093178933461       0.18061240671760828        5.4995925505235896E-002   3.5406839081719418E-002   5.1595947429839348E-002  0.14311083869847119       0.46547860130821278       0.78458722167145023     
  0.98652724305600825       0.98655000118780534       0.94012204603444982       0.73080124279160374       0.24199808560540217        8.0770105229739625E-002   8.4410336944186773E-002  0.26514520004919162       0.77646916576821046       0.96155675950833919       0.99762424544204664       0.97798746890962152       0.83310278972910667       0.32997222998545434        9.2023286635966733E-002   4.4579108503226939E-002   7.4739740244321701E-002  0.25435152728524729       0.67660098017296910       0.91063830109428001       0.98000331955314168       0.99527161370093487       0.97160791066687524       0.81933688736332322       0.31457437111032371        9.4005935161494344E-002   4.7290480383306764E-002   5.3861015221300879E-002  0.14037383276580448       0.49889411757007263       0.88137280788218053       0.97933787661124383       0.99606205287210414       0.99493566562881464       0.98630387137069986       0.96336126774867004       0.89853204370218021       0.71071878297736257       0.33567095323860119       0.10371815518576614        4.3519615846616511E-002   3.1780588712445622E-002   2.9786230340825826E-002   2.9072110746443582E-002   2.9730277036460744E-002   3.9238685967200787E-002   8.4378325103452015E-002  0.22802425109406654       0.51803157165570779       0.78618206224488307       0.91748987534434578       0.96998718714256404       0.99061656741548088       0.99760365675980101       0.99154569811975457       0.93661186536262919       0.68080212165439913       0.19693595459126700        6.0301352271367070E-002   4.0213107651757937E-002   7.0286893881741447E-002  0.23601328529764892       0.72724155583106120       0.93959285264251924     
  0.99998998641967773       0.99998998641967773       0.97303439131897551       0.81402037143202755       0.29236548221199410        8.8455170724492729E-002   6.9894181967008057E-002  0.18349012008475565       0.58981013930387061       0.86672239934590778       0.93856361601846949       0.90213352072559516       0.68805918412250022       0.23520362142640780        7.2800736896427479E-002   5.3733447884958076E-002  0.14324399281650313       0.49759542684723973       0.85853198509948359       0.96857385491530501       0.99443965398555345       0.99422978609899493       0.95681998762621645       0.77512332051998167       0.27674111273019586        8.3336346536364958E-002   4.3005445680623165E-002   4.5025943777139678E-002   9.5571900654559880E-002  0.31331792447268447       0.73511616382481848       0.91269963120717679       0.95552036721901323       0.95206588806963766       0.91593548961084803       0.82484295250169948       0.62904574720263251       0.32142639875328827       0.12277613682507126        5.0312746331475276E-002   3.2800904741816690E-002   3.0004015558171761E-002   2.9702976208765771E-002   2.8937172891764104E-002   2.7583488945940118E-002   2.7639789074008700E-002   3.5792795891314552E-002   6.9603317103959991E-002  0.16601498649999741       0.37774407327814286       0.67818245137220834       0.85937008916273550       0.93945703636837186       0.96595168901748052       0.95602681008038637       0.86595341382811897       0.53804743131711774       0.15487907937634815        5.3935282796616517E-002   4.1403530566077915E-002   8.0610714371891837E-002  0.28522958393136844       0.81047785391434934       0.97262246509969241     
  0.99896383593659310       0.99945503062990548       0.96628092169297819       0.79401600800212946       0.27721554882728550        8.2205995135213775E-002   5.2024680325112649E-002   9.2684783564937478E-002  0.25931252211522310       0.53186170732336135       0.67087853773888950       0.59535234923780989       0.32886591006457538       0.11365782975789188        5.1424800647021589E-002   7.5399250078968083E-002  0.26322841100755040       0.72487678277972456       0.93272193661509384       0.98077978063453419       0.98466524005627509       0.95912171087810705       0.85959002120969219       0.55947406859716198       0.17280239756734897        5.8344022025355241E-002   3.5412466078374893E-002   3.5758469818511163E-002   5.6277705337674892E-002  0.14004371795365642       0.37378615845338509       0.64371482442075878       0.75219666927814666       0.73932877379061535       0.61893422422006872       0.39624164020607111       0.20846256309727232        9.7054848444982106E-002   4.8180161526220289E-002   3.2913281836599306E-002   3.0066314041751138E-002   3.0067289213361992E-002   2.9941501336771884E-002   2.9020212419815190E-002   2.7242606314897787E-002   2.5073393444048530E-002   2.4149640763508121E-002   2.8747647046433771E-002   4.9006559570911892E-002  0.10782772775749434       0.24751533107705218       0.49404039623129609       0.71796111589023637       0.80472863906394787       0.78104067943117539       0.60325813772588455       0.26731502077946273        8.7587615830748575E-002   4.1447927077093695E-002   3.8412395820264587E-002   7.6040633575946148E-002  0.26625792971462375       0.78331694466259405       0.96345920856701450     
  0.95939901428019925       0.96209399635482662       0.89785470465136819       0.64596534589936572       0.20394637381136094        6.6381188130597318E-002   4.1061188319172333E-002   4.8738089175384219E-002   8.7085586141688681E-002  0.15406129503451477       0.19560017464498325       0.17015089544794620        9.9914954159661451E-002   5.0219150499230876E-002   4.6198554272061640E-002  0.12634376492963853       0.46047433490327949       0.84952074201537298       0.95852365439073595       0.97351439723637379       0.94678714762401450       0.83653075099311236       0.56856257266521038       0.23362898212952277        7.5588625289669281E-002   3.5499888010788967E-002   2.8617468772465016E-002   2.9908970399334340E-002   3.6801002523578284E-002   5.8593911692573331E-002  0.11342773942113790       0.18783593573104562       0.22842112281270910       0.21787655344323290       0.16767497188052710       0.10471309437109558        6.2237477401459657E-002   4.2635513527082183E-002   3.7093614717093125E-002   3.6807513239754716E-002   3.6392780350793227E-002   3.4343801857275952E-002   3.1610829189192953E-002   2.9303820617387382E-002   2.7233421106045173E-002   2.4984605397058001E-002   2.2731079065682142E-002   2.1626824463109581E-002   2.4579742664702441E-002   3.8036239208588493E-002   7.4517231054526248E-002  0.14994803613841434       0.25213191628899734       0.32070504941276945       0.30076635946370167       0.20294425472508112        9.7185765814872274E-002   4.6675442750330386E-002   3.2044002134065337E-002   3.3291628639278759E-002   5.9312767467723231E-002  0.18793981980816996       0.61489323249141514       0.88560009125630024     
  0.76322417869181713       0.77312294721649821       0.63675743865010082       0.32707068479684398       0.11223773449452978        5.1620894031562774E-002   3.8310572130722052E-002   3.7050551360779727E-002   4.2584079333418713E-002   5.3159683925334413E-002   5.9129274386827281E-002   5.2690396641070857E-002   3.8693150345013139E-002   3.2741813364229343E-002   6.2145091261258799E-002  0.22679593943337087       0.68241641655138074       0.91610812802004793       0.96437837500455847       0.95037014128792974       0.85271746489875766       0.52861492282286171       0.20131395574345323        6.8195733892482180E-002   2.9574550274119690E-002   2.3279592905041533E-002   2.4949685279486579E-002   2.7661539433549123E-002   3.0583414624258204E-002   3.5566699153004012E-002   4.5393895049245320E-002   5.7628609008749346E-002   6.3501705861517932E-002   5.9687427659515721E-002   4.9718528465338169E-002   4.1380468631505615E-002   4.3737786913619722E-002   5.8226331546438775E-002   7.4565276197958316E-002   8.1886565080421664E-002   7.5278387115381915E-002   5.8470167483911935E-002   4.1368940954385487E-002   3.1661168109513388E-002   2.7445408779489328E-002   2.5300495080278467E-002   2.3846840165335087E-002   2.3614084216398431E-002   2.7311113355889653E-002   4.0225252434022432E-002   6.6733085859167859E-002  0.10803320956716744       0.15795472208109418       0.18540145950830719       0.16157076517200733       0.10687980854793033        5.9407069084826049E-002   3.5779084583170265E-002   2.8055599624936752E-002   2.8537551849103344E-002   4.0537644534285253E-002   9.4769304695069320E-002  0.28824365265557927       0.60126658859507309     
  0.24541714721135705       0.25398225716169470       0.19934013372187029       0.11655853785814610        6.9797506856443453E-002   5.6816300049382866E-002   5.0885502433940459E-002   4.3416855641117330E-002   3.6900221113809382E-002   3.3505212867405203E-002   3.1238758646199117E-002   2.7897303405417764E-002   2.5395567410295011E-002   3.5586417171728321E-002  0.10803188560608903       0.40769126057396637       0.82454305458340116       0.94828979134648039       0.96169995097073302       0.91782258936841266       0.72072446632029163       0.24472244354344455        5.8364871647479930E-002   1.7840554598201802E-002   1.4911365727796645E-002   2.0369594429109648E-002   2.5876015242311149E-002   2.9192294221383239E-002   3.0636524294439554E-002   3.1364317351691692E-002   3.2174560512994263E-002   3.2845589700146491E-002   3.2409311428924212E-002   3.1233254612522243E-002   3.2583020267379997E-002   4.6195802581967614E-002   9.4577158302831796E-002  0.18678518834349048       0.26849911476131910       0.29786894016719273       0.26197669758496417       0.17677592448865842        8.8815876900122520E-002   4.4077053410417122E-002   2.9545883487453715E-002   2.5920453750527657E-002   2.6234155288343251E-002   3.1805935137119164E-002   5.3530718833071332E-002  0.11407093703176631       0.21382745018526150       0.32033912947018411       0.41048275525564326       0.43328557033444931       0.35872743032803306       0.23051000732588878       0.11369706008527493        5.1807466280503013E-002   3.0726928652605467E-002   2.6325499627241351E-002   2.9571528119496190E-002   4.5087301875545209E-002   9.2412774827550365E-002  0.17784358220972779     
   6.8961441738725843E-002   7.4056622922359955E-002   7.2339929798892921E-002   7.7792004034683560E-002  0.10277228207957624       0.12751871740843335       0.12248338899196062        8.9456686301884206E-002   5.4885561144403419E-002   3.5069721322227423E-002   2.6596080917526101E-002   2.2908903797803505E-002   2.5065344754141104E-002   5.3566401160126592E-002  0.20150432742082108       0.64843292557647225       0.90820658151442069       0.96488968720439161       0.95979127917773555       0.89934900614752877       0.65277110553001494       0.16947385955173205        3.1925493505478957E-002   1.3217556409943694E-002   2.0767877131324650E-002   3.2015015567810057E-002   3.8856541493657394E-002   3.9216309937831491E-002   3.6197680198134734E-002   3.3454567579238779E-002   3.1411431496246159E-002   2.9704738773172180E-002   2.8421049239356462E-002   2.9343191591550969E-002   4.0596093516922005E-002   9.5621640807560207E-002  0.29481458712157699       0.61707649644655571       0.78552373152580235       0.82224007654553766       0.77133031609583158       0.58163166068823213       0.26918813009519060        9.0342337675981335E-002   3.8332885483994675E-002   2.7911178403452565E-002   3.1062160778868416E-002   5.3116504040332635E-002  0.14118495070576914       0.38926747029398462       0.68070956800496629       0.81605334174152666       0.86426892293147661       0.86816841719899662       0.81970793628543726       0.66537068739120320       0.35602237144854765       0.12759275130990094        4.7397533382665211E-002   2.8161216708435331E-002   2.5514944263344157E-002   2.8750196436451679E-002   3.8396900187068726E-002   5.4694819038610523E-002
   3.1943387389079647E-002   3.9501641184301092E-002   6.4904333802481673E-002  0.14797772963873138       0.30477418419702451       0.43027735154087499       0.42100669079416081       0.28868649021898657       0.13786962472736472        5.6138885135733466E-002   2.9947174880477004E-002   2.3408057777502891E-002   3.1152432018602173E-002   9.0860461902940365E-002  0.35959100872302757       0.80928436385748825       0.95143625517575647       0.97494506667785308       0.96443898699724684       0.91390003708884604       0.71947608523314865       0.27150005747597972        9.5006821725963600E-002   6.5600248227353553E-002   8.0217338538587687E-002  0.10086207350275106       0.10327535142901832        8.2141980862996095E-002   5.5455199824575661E-002   4.0807411183687727E-002   3.4207125043047154E-002   3.0802929689384854E-002   2.9318833133217127E-002   3.2852211125425072E-002   5.9471587114640116E-002  0.19155262521368266       0.62102007227653078       0.88811240904000888       0.96230408546607116       0.97440744979773453       0.95637525695870806       0.87338768994232330       0.60563926508147403       0.20391522775722443        6.1215989691698586E-002   3.2841365741422213E-002   3.9502439234993643E-002   9.4726060351663727E-002  0.32318988198238058       0.74663549941395424       0.92215942004377927       0.96917170971270827       0.98052583337594468       0.98020997369268481       0.96615471322282642       0.91094565798601479       0.72316269499926500       0.31930264483815202        9.1396519801584780E-002   3.5813985476348134E-002   2.5151079334807546E-002   2.3985956961379576E-002   2.5349770360037625E-002   2.8143827510016158E-002
   2.3683366963656815E-002   3.9128469397283094E-002  0.11248353764887177       0.38390268391100868       0.73799882468314071       0.86651007199710905       0.86428222931609489       0.73543045568512699       0.39248139921173519       0.11803833376042730        4.1766194743547438E-002   2.7140073742501700E-002   4.2588071469054856E-002  0.15054195536567291       0.57666780060975431       0.89888291843314760       0.97385446728151603       0.98270537799668478       0.97389773489753484       0.94677195990161944       0.86059517703131394       0.62843402764728751       0.39754675327356137       0.32804252989281102       0.35932009114394814       0.40323043651712698       0.37565123938714901       0.25616047568711126       0.11936832116255618        5.9017835958919407E-002   3.9625652892038774E-002   3.2924028428936686E-002   3.0859720910906208E-002   3.6677738406697004E-002   7.8456541820709158E-002  0.28171106712898686       0.79271068927208233       0.96299358759274001       0.99673516264520445       0.99998998641967773       0.99458579406493919       0.96256279851730187       0.82065001826404049       0.38561736617661069       0.10276027112415798        4.1301956061113171E-002   4.8916719789024059E-002  0.14167058546273509       0.51483154526843689       0.88821299510079177       0.98207005270034076       0.99843769211530375       0.99998998641967773       0.99952486175104782       0.99623017324631280       0.97889515822493223       0.89632328828309582       0.58685991457129938       0.16308846572254268        4.8926029547683235E-002   2.6760643435716137E-002   2.2564398909263574E-002   2.1430184839483800E-002   2.1189315812475185E-002
   2.0775966351011133E-002   4.7827013908004666E-002  0.18876815203662070       0.65394691742702005       0.91575205472202315       0.97953208868979935       0.98080827535642545       0.92457962219122247       0.68706389063938600       0.21240162055008419        6.0361275673170532E-002   3.2801699429312825E-002   5.5445927481899838E-002  0.20970287553407280       0.72625359212487584       0.94345143418456356       0.98611746197729144       0.98927990176901337       0.98319591103573489       0.97128199802121085       0.94634475669420126       0.89527986574436302       0.84412222905379608       0.83426684705283971       0.85577543415149271       0.87370273262996168       0.84310996746203604       0.67148990909501172       0.28003871608983572        9.6029447394145512E-002   4.8340864331804088E-002   3.6081858674425780E-002   3.2936513441750172E-002   3.9640643203231359E-002   9.0095503498540869E-002  0.33254360156636670       0.84314707680230672       0.97818324183467076       0.99998998641967773       0.99998998641967773       0.99998998641967773       0.98716870832791026       0.91080268015025745       0.58944077044996912       0.15711048799593591        5.1287628809083712E-002   5.2537091912704593E-002  0.15523626964601434       0.56734854288702397       0.91264363739115206       0.99002591279340202       0.99998998641967773       0.99998998641967773       0.99998998641967773       0.99998998641967773       0.99498531020016645       0.95149433784452198       0.73900193160990757       0.22226515111995432        6.0880069867611228E-002   2.8939249573665789E-002   2.2385255079221587E-002   1.9763115843044351E-002   1.8017876448412979E-002
   2.2607362976494579E-002   6.4833733614254374E-002  0.27485651877958295       0.78378823388660823       0.96005174711560259       0.99778333353795334       0.99998998641967773       0.97170572563020574       0.81022474799061039       0.28564258283065647        7.6722897472010790E-002   3.8087253024658894E-002   6.4984551367322924E-002  0.24674445637161024       0.78622762054293127       0.96158052488471935       0.99303850746174760       0.99481804844715171       0.99062217252005402       0.98476441681646465       0.97746247882172899       0.96849975776435293       0.96305815656105376       0.96704223697680436       0.97716752693824782       0.98394969898226770       0.96751760800353048       0.85301414230001060       0.42946252477519498       0.13313287071818311        5.9297006970705342E-002   4.3815755904189402E-002   4.0200841706404894E-002   4.5451731349891139E-002   9.4530084087877456E-002  0.33771044054004995       0.84270059629463323       0.97658588418474912       0.99932402783495000       0.99998998641967773       0.99998998641967773       0.99409480848448517       0.94176904433845632       0.69136223661174312       0.19238282413628857        5.6986207523572557E-002   4.7416567207500614E-002  0.12336340504983002       0.45070337701389551       0.86047394622518025       0.97445488309807060       0.99668427637977330       0.99998998641967773       0.99998998641967773       0.99998998641967773       0.99666199860610527       0.95851456654786071       0.76284106705576793       0.23668617045764725        6.5202022648428143E-002   3.0988564945873182E-002   2.3942284087071723E-002   2.0877206603247274E-002   1.8463164528197556E-002
   5.0046193194342892E-002  0.12594937894835015       0.42941931583520382       0.85018659071900660       0.96995620300300189       0.99710484461656479       0.99998998641967773       0.97804673038086531       0.83442184709646983       0.31044871280895664        8.3593189596653003E-002   4.0864283885924280E-002   6.7548666629143855E-002  0.24976585993774927       0.78557761211810462       0.96283999846371482       0.99583025067650066       0.99879187696280824       0.99593799091368174       0.99217327208729322       0.98881113340963467       0.98662002110243352       0.98670808802577747       0.98954196022482466       0.99347942343821738       0.99354469506278820       0.97230314041625010       0.85566492141822303       0.43508949060763791       0.14323078890570623        8.0380685124406007E-002   7.7692630323477424E-002   7.8128779166729223E-002   7.5544362734530607E-002  0.10620432613239875       0.30873664245027471       0.79906608557441483       0.95929006930129412       0.99360495204830657       0.99992629593669125       0.99998998641967773       0.99153451189101083       0.93211299200165543       0.66439425216571413       0.18462218231837538        5.4400020675163710E-002   3.8087201220819371E-002   7.6066623449122808E-002  0.25715278388686758       0.68442674557109517       0.90572124944731081       0.97116887759514292       0.99003221853345391       0.99557245733003974       0.99560894305547365       0.98441126788820987       0.92246409594324230       0.66733875545539656       0.19795239343125132        6.0372780530798843E-002   3.4301604943435635E-002   3.1821238965055364E-002   3.4041124417156149E-002   3.6974566109694698E-002
  0.19743367881681642       0.34271498217350393       0.67855007953249002       0.90227963382889331       0.96902567132303541       0.98898370578034167       0.99104920545577735       0.95957138421609967       0.78762353373395300       0.27553129990426434        7.7354938964056472E-002   3.9875796918745064E-002   6.1148209361943769E-002  0.21088432908933250       0.70536786941000529       0.93658975651649679       0.98895239726583917       0.99750966197739221       0.99644091966050596       0.99328907505737918       0.98988789460317150       0.98664828327866649       0.98322930550095122       0.97856298475916059       0.97086694999391832       0.95282807773256706       0.89361475954478808       0.70204927114721916       0.30524517158606712       0.14265226279145321       0.16645336195754057       0.23798276930936843       0.26183518028685088       0.22383209450510580       0.17624819147141763       0.26724825289077292       0.66153207667322733       0.88875332025469111       0.95889523483566852       0.97856710174051664       0.98013314264918960       0.95797193998491503       0.84984054047806323       0.48688092048957693       0.13393088767469355        4.4492989549374688E-002   2.9928226098443925E-002   4.2496852200781553E-002  0.10991936831788933       0.33108247667082408       0.66782940473991548       0.85285800192685324       0.92908892541645460       0.95537167008155743       0.95477187890721005       0.91696924316401252       0.77489029234096551       0.41141227017175513       0.12434909631927159        5.1872550418385725E-002   4.5413725914853542E-002   6.5781990688315514E-002  0.10401101240634959       0.14568884349578934     
  0.67345379913984271       0.75143443839116519       0.84408788565640924       0.90421405243681552       0.93348137221836713       0.94791264214120041       0.94030687295137660       0.86790029064272434       0.60474465214406836       0.18934297293561997        6.0540564023511649E-002   3.5736416710210939E-002   4.7981869234128678E-002  0.13729465792542972       0.47866775726685146       0.82601405294397623       0.94242788565507196       0.97086650895609405       0.97483706599565900       0.97139329407026076       0.96441321271199998       0.95318717972766398       0.93324374938889709       0.89753076000205734       0.84356599295771095       0.76124807857090837       0.59453232780497822       0.33403695232718361       0.16386967148214168       0.18875082087244008       0.45860567248369705       0.71564742228874656       0.77622814692971243       0.68181989141342547       0.41938042354816379       0.24259427247623674       0.36975023546674252       0.63340490266459770       0.78889649750162882       0.84676675414424096       0.85146978687563357       0.79081147310912869       0.58137499576534402       0.23702891589642339        7.5034712664232325E-002   3.3526478081095275E-002   2.4879516013614308E-002   2.6992063893137134E-002   4.4423027887875818E-002  0.10359525634827109       0.23931271757308570       0.45371829187047491       0.65953223366596947       0.75144459525985408       0.75039789288354997       0.64298393585908054       0.39331081962648962       0.16497735858245519        6.8102830498786807E-002   5.1421747155690339E-002   8.2085299902995859E-002  0.19628972852845658       0.39166849114704433       0.57147734133628247     
  0.90701771651548357       0.86927068696760756       0.79730361405667172       0.74630952238287873       0.74076729168265487       0.74723771648935233       0.70869673120001586       0.54584095024995372       0.26904930151329248        9.4026310129721902E-002   4.2329636496501996E-002   3.1068059520488290E-002   3.5735856843298816E-002   7.0719901078183711E-002  0.20643527873380246       0.49935090739881299       0.73379964767727612       0.81903670050043154       0.83875046635132688       0.83275330702487049       0.81166038581115463       0.77171520899037149       0.69373793250953553       0.55259693006912181       0.38299619927152728       0.25926671240847848       0.17169970407205604       0.10752607759733580       0.10499542466135443       0.26488878415671235       0.73349773947206520       0.92919284697582283       0.96153166743531637       0.90674764302297839       0.66737068410374223       0.24400769493436938       0.14851469565644795       0.19947393943239372       0.27959953382344871       0.34168645528330555       0.35217695065401872       0.29429132228911031       0.18757891893121814        8.6808681644060776E-002   4.1624330984831259E-002   2.7176372072328311E-002   2.2704947966044251E-002   2.1846512575893134E-002   2.4851267339146634E-002   3.6683430535028864E-002   6.5593945092369876E-002  0.11734525153509648       0.18009352177878854       0.22155350888320693       0.22422307531474042       0.18319227459339665       0.11469552434057710        6.3852609693678217E-002   4.7004700014137910E-002   6.3848412260903070E-002  0.16323351301600350       0.50499317528053844       0.80537251177807057       0.89920870445202661     
  0.92146209553165992       0.75733126549738206       0.44981903720757399       0.25987397080772828       0.21154138387537402       0.21009559164271935       0.19935748151166349       0.15193028350069127        8.6208770304550000E-002   4.6287285668163106E-002   3.2080478549753211E-002   2.8180279349932336E-002   2.9263958838789232E-002   3.8953279268434830E-002   7.2480551216585837E-002  0.14769366030272990       0.23589648883588271       0.29504900390547367       0.31613724036274610       0.30601978351560416       0.27699752769512692       0.23808804234308922       0.19202653828147506       0.14118084806835993        9.7198020187806183E-002   6.9991443129191228E-002   5.4736143480856127E-002   5.1821545515053725E-002   9.0334965568618586E-002  0.29412228723463296       0.80496185035657652       0.97001956052570559       0.99364957775943985       0.94809765512164246       0.72327518728187323       0.23088572675100896        8.1102306417541695E-002   6.3911326570619695E-002   7.6643558034532835E-002   9.1590558240169220E-002   9.6383998085311007E-002   8.6101375465107932E-002   6.5694006650941911E-002   4.5823598083155143E-002   3.4183313761132865E-002   2.7659634627808499E-002   2.3552574457101013E-002   2.1248386301355560E-002   2.0643378097381097E-002   2.2279510146711114E-002   2.7492471420061879E-002   3.7377326505436084E-002   5.0093734135227712E-002   5.9815370520507311E-002   6.2063167829099757E-002   5.5723514545249625E-002   4.4931692239608190E-002   3.8368129185419785E-002   4.2552903422321701E-002   7.5503543860387642E-002  0.22724162899178654       0.69551245630337388       0.92735281125248359       0.96595317360186228     
  0.78383817946820433       0.44447525317805286       0.15947718357871860        6.5775606112836019E-002   4.7122457203395335E-002   4.9086820643852239E-002   5.1746926789219043E-002   4.7236969620441140E-002   3.7942276809357557E-002   3.1196793534284468E-002   2.8145935526280745E-002   2.6962067052165545E-002   2.6954498577987328E-002   2.9033021430303691E-002   3.5945032093128264E-002   5.0268706435229356E-002   6.7346808134020525E-002   7.9165070759633360E-002   8.2531498779737339E-002   7.8679725376424328E-002   7.0907147831404976E-002   6.1928275840802766E-002   5.3193511617072281E-002   4.6080766128482192E-002   4.2561956747855130E-002   4.1767324181627180E-002   4.1248687269663180E-002   4.5430447023302747E-002   7.9998332074314199E-002  0.24843675476555266       0.72422843958221739       0.92842370535710983       0.95967490595030047       0.88871916589836975       0.59476129424207036       0.17501572007784538        5.7000546340038663E-002   3.5031226088315562E-002   3.4238508097587189E-002   3.8286018793370298E-002   4.4004683662665932E-002   5.1839932624733867E-002   6.0582950617541889E-002   6.3972393057082258E-002   5.8678195683708606E-002   4.6261183463635260E-002   3.3116187558049209E-002   2.4906436813603064E-002   2.1455467121669691E-002   2.0822656146464957E-002   2.2189985712117392E-002   2.5701377014659004E-002   3.1014091912801342E-002   3.5866965284991496E-002   3.7814813991927751E-002   3.6399327478442371E-002   3.3862609081814744E-002   3.3865420265977816E-002   4.0668490668594723E-002   7.1208294421077567E-002  0.20476193856203562       0.62977560960907564       0.87990549614017055       0.90779045464956343     
  0.40260695176782402       0.16618729129899373        5.7293553246440913E-002   2.5353515216951176E-002   1.9979686308073698E-002   2.2527487764767443E-002   2.6176615897269627E-002   2.8109431499227296E-002   2.8150555340190744E-002   2.7601026445945868E-002   2.7111841013683594E-002   2.6715809980631802E-002   2.6563298955183778E-002   2.7172705436798814E-002   2.9419696581962269E-002   3.3644483457487599E-002   3.7977008582845605E-002   3.9766719600434805E-002   3.8330419956698510E-002   3.5254650990054620E-002   3.2804265245389715E-002   3.2238568900386046E-002   3.4780246686751018E-002   4.3306523909899634E-002   6.0437656811730391E-002   7.4064192476211696E-002   7.0889985229327476E-002   5.9474006329385765E-002   6.8810433928911424E-002  0.15155246934214311       0.43436866475167279       0.71052319888878634       0.76708133477898355       0.63042474080812594       0.30136216146742772        9.6849453662763374E-002   4.0825492336812326E-002   2.8456092684785182E-002   2.7618027500093473E-002   3.3805733605992601E-002   5.4434541231099705E-002  0.10322888214128995       0.17270549882004807       0.21493615621618370       0.20442883981583174       0.14799680627751216        8.1725778528867560E-002   4.1990500089100491E-002   2.6914743757239248E-002   2.3520702671167851E-002   2.5910416580981151E-002   3.4504494539623606E-002   4.9900741079774318E-002   6.3927943738962087E-002   6.6710902516072618E-002   5.6908239207927730E-002   4.3204472200517888E-002   3.6279193650563521E-002   3.8202402733929608E-002   5.4634079488054876E-002  0.11934823842936222       0.32647865588652297       0.57989072555117593       0.60828579416177675     
  0.12761088763532585        6.7197379969497054E-002   3.8220608256399162E-002   2.9521447485574837E-002   2.9274559868765426E-002   3.1427905091230300E-002   3.2883417934072436E-002   3.2436531375384693E-002   3.0540028451360380E-002   2.8719506574991734E-002   2.7695796204147000E-002   2.7221516054745751E-002   2.7495946055905249E-002   2.9818676998978406E-002   3.6791321507516635E-002   4.9197863066137285E-002   6.0329968493787384E-002   6.1721432090526260E-002   5.2442325271710513E-002   3.9951333212178808E-002   3.3207579313910711E-002   3.4301551106399118E-002   4.5915311891572767E-002   8.2844154434568468E-002  0.16872254832359998       0.23428078101034286       0.20620639319254158       0.11879137931949295        7.4114430664010078E-002   8.2270643279076114E-002  0.14962612595743782       0.23735087063115343       0.26049378897952280       0.19968532786348592       0.10397578616143491        4.9928767636470521E-002   3.1740976818837280E-002   2.7138790865057941E-002   3.0430622594060819E-002   5.2273217370656058E-002  0.13593208663540920       0.34455602593005502       0.60541425812066629       0.72603751285775486       0.70605562978954850       0.54132511517538606       0.28142376266121893       0.10744885705303421        4.4422668071315008E-002   3.1195707895860087E-002   4.0179266297442236E-002   7.8446022800103668E-002  0.15507979456830373       0.22245752201684202       0.23032501592371579       0.17326527722199733        9.3533950606085561E-002   4.9886429931657199E-002   3.8094679605512605E-002   4.1658578576516898E-002   6.1596615990291342E-002  0.11351931647214793       0.17936650432992565       0.18647664272305484     
   7.8420562923087869E-002   7.8895080529401987E-002   8.2696275688524293E-002   8.9554379509045365E-002   9.6010024598771462E-002   9.6918270082704136E-002   8.8509704452995719E-002   7.1443256904934388E-002   5.1121103265939813E-002   3.6648499443258743E-002   3.0553973850675320E-002   2.8917901175149172E-002   3.1036863730134652E-002   4.2428826876291778E-002   7.8118427838477084E-002  0.14498711050407348       0.20409288109126375       0.21100129254644476       0.16130441570617485        9.1621687218692682E-002   5.2016386442149919E-002   4.6222295208417072E-002   7.3732100964273087E-002  0.19193842216488030       0.51699528618680990       0.70902797460049583       0.62364523437829278       0.29758018643777590       0.11216382873928842        6.5564976939831876E-002   6.6113568400554559E-002   7.8614581717982565E-002   8.0994868720833973E-002   6.7410578078179587E-002   4.7678756410640212E-002   3.4854180864896528E-002   2.9114874020560844E-002   2.8605855488300847E-002   4.0344039981196386E-002  0.10402275554230596       0.35470098354576418       0.73764112863957543       0.90419121435529370       0.94953494882150813       0.94363943261676753       0.87995665760999131       0.67785146695456866       0.28855414300853577        8.9224973378222119E-002   4.9160353485798662E-002   8.1905557529819761E-002  0.23732996994210392       0.53587579721259349       0.72655345477504529       0.74064136764792832       0.58312182255245759       0.27787253699561520        9.4050575102274422E-002   4.4159064572098505E-002   3.5743856174951905E-002   3.9851650577559912E-002   5.1788114220533220E-002   6.7262159450310818E-002   7.6468814357858420E-002
  0.18248762594932363       0.26109275293651724       0.32126607175314770       0.36689469820859411       0.39420188826616137       0.38942881427622794       0.34137500290524292       0.25250434436152247       0.14307806690894490        6.6272427421670208E-002   3.8996847518258632E-002   3.3083234566892099E-002   4.1063891581020334E-002   8.5178677806437147E-002  0.23958646794211264       0.51098643001026278       0.69647403959895915       0.71361419887021371       0.56620159254104896       0.28958627672182852       0.10923423051401701        6.6085041593866287E-002  0.10449552080661133       0.31156402839471942       0.77799403510335741       0.92535373245566988       0.85959336431487043       0.49322106929030712       0.15753584336033358        6.6964032811020105E-002   4.8042336327655089E-002   4.5175886171116071E-002   4.4579617742962582E-002   4.2995493928324281E-002   4.0123154722869959E-002   3.6672614241651066E-002   3.3309778207794176E-002   3.3907835951411516E-002   5.6818000859645834E-002  0.18453573082124469       0.63231470815324398       0.90993137546679015       0.98163008584912825       0.99547294875257752       0.99415418228619246       0.97450826066106466       0.88217495078561059       0.55164486750328667       0.16222306889163482        7.9246972141375438E-002  0.16320502264693568       0.53704312099721929       0.85287266749885426       0.94762712909987856       0.95243187118112005       0.87562381847351212       0.59337998028159489       0.17786209316912904        5.6998518631961106E-002   3.3872299132852363E-002   3.2587051229278942E-002   3.8791987069939755E-002   5.6177070623966846E-002  0.10170750490435111     
  0.59142425744266525       0.76966672498800714       0.83523638971961034       0.86099776865724442       0.87205484946256218       0.86972087824834499       0.84044763758671270       0.73422763277396741       0.44913883125968451       0.15481671523442550        5.9464269264063431E-002   4.1276822647083503E-002   6.1846803041849932E-002  0.18244237360046575       0.57333485514064675       0.85380713541132625       0.94035108013199420       0.94628163008671551       0.88024227175582892       0.64001047545043632       0.22412091583099730        9.1633062694687531E-002  0.11141149259144557       0.31553156256225928       0.77855221643799277       0.92297719087119756       0.85270442344166708       0.48029643087684287       0.15202879010442566        6.3302348724948276E-002   4.3448754557278729E-002   4.0780725259218643E-002   4.6686043061738368E-002   5.9569062975567834E-002   7.0569092373871753E-002   7.1216811643461567E-002   6.1322800319739239E-002   5.1930503344871738E-002   7.6602335452444145E-002  0.24839919863351917       0.76403704969856823       0.95776653555812452       0.99675744845203007       0.99998998641967773       0.99998998641967773       0.99392472930787978       0.94061487675121835       0.69499901660585295       0.21512494627448694       0.10401915350535412       0.23411510730796178       0.72781147404823787       0.94630222255306728       0.99429078045326746       0.99604530414422066       0.95761334539145360       0.76991459484942848       0.25217599150042641        6.8629406342682414E-002   3.3118147953977467E-002   3.1041071668632729E-002   4.4542614866133486E-002  0.10072726815663219       0.28977315004448628     
  0.88144242223684943       0.95593485654225763       0.97522530451096012       0.98110787676295430       0.98358090599749626       0.98371424658905360       0.97685072028889897       0.93564009814955373       0.75562196731720188       0.29272578283030160        9.0649044589849320E-002   5.2181050361619109E-002   8.7909980949065977E-002  0.29601813355773920       0.78782697780709798       0.95806343858706156       0.99358087870436007       0.99513689739057554       0.96598238833014782       0.81526766968790532       0.33238348544948876       0.11027047807520907        9.0283466811364885E-002  0.20043962036905738       0.52067442049281398       0.70152342378338262       0.60189052810860277       0.27626987982803830       0.10075861379158256        5.2193910925049228E-002   4.2302261503007005E-002   5.1279142154355674E-002   9.1476620745021608E-002  0.17049429243002012       0.23745660814778305       0.24886937969156675       0.20101441279038060       0.12714605385183531       0.10882249662639791       0.27029516209465332       0.77044497169696680       0.95594987906153261       0.99486104113318463       0.99998998641967773       0.99998998641967773       0.99042170338174040       0.92914367765354788       0.66457588936287182       0.20327290752394689       0.10212515212336101       0.24225497332597959       0.75401687193477551       0.95647919872303988       0.99779742151709350       0.99998998641967773       0.97350439900274754       0.82351544067391003       0.29305386303379000        7.4174024560278273E-002   3.2122873222986792E-002   3.2783519453323716E-002   6.4344864068584806E-002  0.20596162864278256       0.62832396677632718     
  0.96544468751911927       0.99521625652740231       0.99936505245795271       0.99991512483930045       0.99998998641967773       0.99998998641967773       0.99998998641967773       0.98092334930104774       0.86034544608368080       0.39562459318692927       0.11537507070993828        6.0538696710962459E-002  0.10766132620261734       0.37545825541373118       0.85834570571583158       0.98156019244501580       0.99998998641967773       0.99998998641967773       0.98170862187299890       0.85936163476717664       0.37837586279460889       0.11361731403109245        6.6346188954897009E-002   9.3778480783637652E-002  0.17918230881318867       0.24018466984989995       0.20264689586452334       0.11048018228608419        5.9577029776735874E-002   4.3256091384897791E-002   4.7290749419792909E-002   9.2393275926341500E-002  0.26472458861670417       0.56839658068322074       0.74709644576496770       0.77173608935150284       0.66405491229368774       0.39429246459973150       0.18578938752703020       0.24298709707160790       0.64306488870840228       0.88994545748799636       0.96137579797450390       0.97766869048227178       0.97563763668481540       0.94709112340090584       0.82514316930151022       0.45760541837607960       0.13609027496382506        7.6310993516414002E-002  0.18976837482115144       0.65406172220351477       0.92576360470885277       0.98812751449355396       0.99600682462043122       0.97340289755811149       0.83652945744683505       0.31611554546103732        7.6417355589277605E-002   3.0957186450203279E-002   3.5586033318451830E-002   8.7854351343663178E-002  0.31700420309462329       0.81111209125363604     
  0.98252905203705154       0.99998998641967773       0.99998998641967773       0.99998998641967773       0.99998998641967773       0.99998998641967773       0.99998998641967773       0.98166590880290239       0.86197074866115031       0.39558767669361433       0.11486067197455092        6.0664608054022823E-002  0.10967755273253135       0.38352366494469159       0.86303140318673977       0.98284864768050806       0.99998998641967773       0.99998998641967773       0.97675194034523005       0.84044409935893583       0.34734946235306507       0.10222180614868659        5.5022016156797526E-002   6.0378852698217716E-002   8.2703340809375511E-002   9.7366182320360692E-002   8.6559043775559161E-002   6.1896778029949744E-002   4.5006291411059857E-002   4.0709074516720185E-002   6.0736180265803304E-002  0.17586015567789429       0.57757175779191694       0.86782369891571931       0.95243053546294254       0.96132896383174882       0.91387040346394410       0.72020372241997321       0.29850837401991859       0.17728830356928144       0.33852882181893879       0.63189149464379746       0.78984633124995085       0.83872136134305308       0.83141710012090164       0.75101580210348273       0.51395341486860036       0.20553789987767412        7.0994203614885038E-002   4.8442224250784045E-002  0.11539845737348692       0.43248987720765530       0.84522241215872140       0.96659518536550182       0.98848777444213454       0.97080893880356167       0.84652415075035436       0.35482271726969622        8.3213668251262071E-002   3.0672017133609744E-002   3.6734637778264370E-002   9.9983357472816267E-002  0.37169244917224814       0.85954230003169585     
  0.97067400222989020       0.99687450318505222       0.99931575827617491       0.99870850872821393       0.99789398858086853       0.99617939797893229       0.98845519735959508       0.94820265683093474       0.77162419250362424       0.29676460831380186        9.0067458247730992E-002   5.2525193210271978E-002   9.2433721542994923E-002  0.31422575495787358       0.80471373109079447       0.96269221160695628       0.99284123476035713       0.98860832034281032       0.94192010680506033       0.74245256312099128       0.26172924280767562        8.5479459074356987E-002   6.2029749502632930E-002   8.3525972468089293E-002  0.11382167601630371       0.12802488387656891       0.11302198492277966        8.1316635002794527E-002   5.3696816973282317E-002   4.4888630372843893E-002   7.5838199883785901E-002  0.25391918669310271       0.76431107117139607       0.95583896133111801       0.99566540910394363       0.99826897967690698       0.97409604681186113       0.84040377836031077       0.36917441454985689       0.12964082938512289       0.11942455063121650       0.19558076502590133       0.27604231604569412       0.32253742608226410       0.31716714247539057       0.25684682010922855       0.15997538170594680        7.6852402697795905E-002   4.0466818613620510E-002   3.3245301073515643E-002   6.3866863052098044E-002  0.23478099996845389       0.69700753479999478       0.92778831419360830       0.97848867397087669       0.97070465886176271       0.87018320792762249       0.44592176197647193       0.10456780738361926        3.3107293489603354E-002   3.4760775902326159E-002   9.0504186808066614E-002  0.33237298794091935       0.82563132649728033     
  0.89294989308202066       0.95735455598594321       0.97121311382740627       0.97235920861031022       0.96904952479224860       0.95834195097892505       0.92299371245325279       0.80940227027451439       0.50832943552527521       0.16552212182863840        5.9590549864014117E-002   4.1725896019777844E-002   6.6326905955847351E-002  0.19995983200504153       0.60749918397355895       0.86256296249727149       0.93204560415958282       0.91656652110480563       0.80106648383553891       0.48259145025242767       0.15825366101280031        8.1503370372676354E-002  0.12390233276196738       0.24179376634894015       0.35827348646343393       0.40564813601341365       0.35358520994774795       0.23636462050851437       0.11812021020627479        6.3592104011692047E-002   8.6504029939715912E-002  0.28563623346774730       0.81031372801974877       0.97178985177243871       0.99998998641967773       0.99998998641967773       0.98169444809023798       0.85713417182619067       0.37150811480580326       0.10712091799580535        5.6189215605092886E-002   6.1579817194538040E-002   7.7468070770151276E-002   8.9077729238517728E-002   8.9902684809080965E-002   7.8838802918260675E-002   6.0736648187410723E-002   4.4766839535221516E-002   3.5493386197434425E-002   3.1111475131429978E-002   4.1525371946910132E-002  0.12641516705843125       0.47610795675064016       0.86653271277837074       0.96638448978941061       0.97410505664474178       0.90606082574642766       0.58833913787417269       0.14555144100312836        3.9941563350304674E-002   3.1239608925449563E-002   6.5865607286708733E-002  0.22154134734339898       0.65945811069369165     
  0.59968743039912864       0.75916934986232043       0.80866234216967647       0.81665676565897960       0.80495743544311249       0.76382389378141879       0.64807201149211680       0.41161878889793579       0.18741444411434749        7.2220630434169750E-002   3.8742003540608173E-002   3.3588523015281466E-002   4.4241267373224862E-002   9.4382309895264277E-002  0.25887447565271327       0.51337117267382693       0.65589766578420916       0.61325068821423145       0.40409927245874644       0.18666892977386973        8.8380724116792916E-002  0.11810911815717447       0.33958474358456975       0.68023936432822008       0.83355180332880296       0.86803012253456724       0.83122288234675534       0.67717618749701558       0.34141037045653233       0.11911008336271368        9.3180555255467742E-002  0.25936287674717445       0.76344475201228101       0.95484619866222642       0.99512607973633360       0.99690467882094547       0.96702555783279676       0.80939416815773979       0.30933761710700380        8.7154169878964724E-002   4.0327517672011946E-002   3.4543587698968724E-002   3.7214312969153167E-002   4.1027261581096215E-002   4.3935095131120837E-002   4.5482258598079611E-002   4.6197640214789261E-002   4.6768037023870758E-002   4.5896721557764766E-002   4.1112398379635692E-002   3.9834871494353205E-002   8.0312338626817206E-002  0.30535065110350440       0.79862600380664650       0.95424975252427036       0.97913153937782904       0.93817070510288059       0.71125179852759990       0.19612344686843161        5.0522214245119969E-002   2.8980154906130831E-002   4.1667834246061144E-002  0.10369132194894330       0.30503552297142522     
  0.16639997571391540       0.22837053435132001       0.25858951160714660       0.26419129367618466       0.25299178612443213       0.22520499495535742       0.17595329199660678       0.11088470129659277        6.1233498174357602E-002   3.7655662477363197E-002   3.0691224111203969E-002   3.0175513845406860E-002   3.3885267212013882E-002   4.7402339882088182E-002   8.5226802386176859E-002  0.14683286406906490       0.18773600328000775       0.17254350981002337       0.11591490357989097        6.9318453859063794E-002   7.0247042965223327E-002  0.19131572404361949       0.63095452331092639       0.90164889158282180       0.97212377155555663       0.98363755272478959       0.97224155741673812       0.90470982251841359       0.64863300011987945       0.20911480960749204        9.5998286668628544E-002  0.18293939486916158       0.57221594297977185       0.86253883059289327       0.94897357426721685       0.95477883779329520       0.88939025016837325       0.63960412519387144       0.20671930276551245        6.4723633439513109E-002   3.4936299753613002E-002   3.0374899453991994E-002   3.1468915427837939E-002   3.4469981552641610E-002   3.8952032163934627E-002   4.5383650689965783E-002   5.4799753096040058E-002   6.7825370107494468E-002   7.8935986702149602E-002   7.2677740464565474E-002   5.7043756265266872E-002   7.1599987630294487E-002  0.22595788155123200       0.72537491639117035       0.93945558698632570       0.98267752608692482       0.95770499160798139       0.77721080934712417       0.23902892178345220        6.1693391134511742E-002   2.9333643339441589E-002   2.8997061632488372E-002   4.4719624274777756E-002   9.0541323195435300E-002
   4.5065883193773255E-002   5.4757202803839729E-002   5.9201388160847059E-002   5.9642764421880989E-002   5.8076690165090407E-002   5.5024380486464637E-002   4.9591083545300355E-002   4.2322073848217658E-002   3.6880975112106883E-002   3.3949613602697527E-002   3.2090058781526293E-002   3.1057213788656741E-002   3.1372621782221090E-002   3.3960028721339720E-002   4.0838118328980010E-002   5.1289202545824766E-002   5.7717259782378655E-002   5.4028404101594069E-002   4.3944015479446853E-002   4.0268426120065391E-002   6.9644934285198370E-002  0.23962178722645927       0.75958520810929409       0.95788277979824998       0.99740839238661883       0.99998998641967773       0.99867719301563307       0.96359030880394803       0.78350755405685268       0.26938436963898138        9.1276590492184728E-002   9.7985975834248396E-002  0.25657695906100764       0.55101175956405113       0.73260096741638980       0.74848830819138246       0.60460787152227269       0.30373651361416582       0.10378309324359841        4.6108963712208510E-002   3.3837428730458773E-002   3.2441596679466778E-002   3.3725630858054759E-002   3.6695517598845193E-002   4.2520106395542448E-002   5.3904662132894909E-002   7.7030526701692456E-002  0.12283718483707273       0.18089434030390911       0.16946917703718836       0.10598528709216383        8.4072088855714946E-002  0.18141882713937912       0.60432444096121962       0.90355101236324942       0.97588891248296095       0.95782309370178376       0.78145879511211191       0.25203404058146689        6.7923197942765162E-002   3.0867898560278370E-002   2.4803406153098045E-002   2.6293080821122500E-002   3.3382314865488039E-002
   2.2768099176796279E-002   2.3422870165216218E-002   2.3894220402056944E-002   2.5672750102902583E-002   3.1037504637738852E-002   4.1055139758335163E-002   5.3310859885685354E-002   6.4018319979164559E-002   6.8878101505487566E-002   6.3715178842119427E-002   5.0172190928157362E-002   3.8600219051117803E-002   3.3346789373052410E-002   3.1500379582514393E-002   3.1334271454717462E-002   3.1936037504307783E-002   3.1935475152602082E-002   3.0521555862089059E-002   2.9003116723239651E-002   3.2908886049728928E-002   6.5140246993271575E-002  0.23182994843139690       0.74902781746440861       0.95417117544458352       0.99599031877962974       0.99998998641967773       0.99826950790875602       0.96297743277369285       0.78184718784625673       0.26548003203838000        8.0958291452288320E-002   5.4597256060847518E-002   8.7234271765871174E-002  0.16259277116286572       0.22827576214880974       0.23627561059052432       0.18099611612663610       0.10062054411726290        5.4965063987170805E-002   4.3425755737630210E-002   4.4464976069120428E-002   4.7038153807006398E-002   4.7382642181461002E-002   4.7071359076189034E-002   5.0804293098850664E-002   6.6554480847177605E-002  0.11462365961590829       0.24707890888198611       0.45936415621858140       0.43471668037026273       0.21556810459298020       0.11176911478184898       0.13967992823637720       0.40165799666086216       0.78954731417201995       0.92144489901348670       0.90101992202054515       0.67539151890430771       0.21159836228320206        6.3640180349445866E-002   3.1611352329995283E-002   2.4289490142036907E-002   2.2225645838018900E-002   2.1993723474750430E-002
   3.7499159840233470E-002   4.3792746338225517E-002   5.1062619385809395E-002   6.5299531220608317E-002   9.6487706168612103E-002  0.14844595973170613       0.20508284295527787       0.24818911359552398       0.25875304603726418       0.21735867369668069       0.13163551182437663        6.5224220323139528E-002   4.0557275583858049E-002   3.2568858292583984E-002   2.9454014943720665E-002   2.7774071659505996E-002   2.6563099023257476E-002   2.5641480249880076E-002   2.5628932161521741E-002   2.9662149147092906E-002   5.3513745836988605E-002  0.17322748466771545       0.59877102237828306       0.88791655466784181       0.96442632458836974       0.97753628805921877       0.96653185535841935       0.89833679286050261       0.63971554563053223       0.19882172035139384        6.4539137948431025E-002   3.9423734093667055E-002   4.2102510151285952E-002   5.5435622851739787E-002   6.7952272501594482E-002   6.9928100182615693E-002   6.0867677064110531E-002   5.1189504654627953E-002   5.6368698876868913E-002   7.9521304562990891E-002  0.10776728692079791       0.12387021830581037       0.11716550097885153        9.5529858103828094E-002   7.7140071527596665E-002   8.2245524324739333E-002  0.14637193047050540       0.36297280162513312       0.69309709231926042       0.67078413961307792       0.32227177195175155       0.13447919575538614       0.10348170706700958       0.20186351209089062       0.47648902880041499       0.68176151602945367       0.64999618239837309       0.37653254043182677       0.12674715159217037        5.0724301408599869E-002   3.1669285704457636E-002   2.7020228041707541E-002   2.7495818794994978E-002   3.1317503769440598E-002
  0.14896916125636056       0.19308747458330813       0.23398690990221288       0.29771569455442781       0.42342500948024825       0.60099637101670311       0.73200335135712891       0.79320874445979739       0.79519782620965129       0.69805309980777430       0.41153287661072424       0.14025977960224470        5.6434433060452170E-002   3.5230944760345530E-002   2.8834090273724047E-002   2.6073578746676349E-002   2.4709730429828172E-002   2.4525284559790268E-002   2.5991076696266314E-002   3.0570052780053283E-002   4.5202824681542839E-002  0.10445602578385371       0.32098275584361985       0.65873711336927621       0.80894057670177211       0.83866831190624069       0.80084942142964888       0.64688537068064011       0.32354000205777461       0.10690945141639215        4.6693913839342988E-002   3.3884644608690048E-002   3.2527181276304502E-002   3.4257207709671729E-002   3.6210156189087545E-002   3.7374536947024063E-002   4.0802127947611115E-002   5.9653070720866425E-002  0.12692044477092820       0.25569096781805023       0.38516239645995387       0.45128429655508712       0.41738707928297336       0.30829501590125202       0.18468694332682456       0.11259886359171804       0.13594486642976775       0.29082766386533382       0.56045184576552631       0.54411508244623907       0.26516943438685414       0.11811382562578979        7.7686540435315726E-002   9.3022537083085222E-002  0.16064027815773602       0.22639235619399653       0.21452035455014482       0.13249136727197053        6.6204598244245280E-002   4.1091369049964459E-002   3.4999849989275189E-002   4.1073505936914965E-002   6.2374094933321689E-002   9.9809060820954129E-002
  0.59598590870732926       0.71764724018297110       0.77740752788741696       0.81889854001073648       0.86551292811627123       0.91474720499144291       0.94971639220409743       0.96797519413012933       0.96851795734022383       0.92314405929219601       0.71263189684563999       0.24126130816791358        7.5540869216912415E-002   3.7419620959136618E-002   2.7607115735679293E-002   2.4260319262577153E-002   2.3762540746978922E-002   2.6792261012435720E-002   3.5649527508441511E-002   5.1366669309709491E-002   7.0907493577706635E-002   9.9860966507732254E-002  0.16413535900364642       0.26634391810953334       0.32801330924670608       0.33286862289910413       0.28804481210851629       0.20314747453533383       0.10665419906668427        5.3121361794365399E-002   3.6332010725477627E-002   3.2286323969721191E-002   3.1394386864163661E-002   3.1071218856802280E-002   3.1078217732583520E-002   3.3311197759392078E-002   4.7472778753889527E-002  0.11581671158752405       0.36507341985754965       0.70319595916274014       0.84764846868580235       0.88479674513660600       0.86557525680372072       0.76863277152387555       0.50564818708361825       0.20010264105845138       0.11616545797761335       0.15062436307541194       0.23373463921564913       0.22932148340773933       0.14046030349087243        8.4475723703884398E-002   6.2895419127269245E-002   6.0583606557865863E-002   7.1231827798626982E-002   8.2139523392056837E-002   7.7908812689515050E-002   6.0129191236668496E-002   4.4972796278054714E-002   4.0099474605729747E-002   5.0647494441211319E-002   9.9807261648906020E-002  0.22029299001932695       0.39961039489661859     
  0.91374277951214111       0.94549746620986674       0.95851239064505744       0.96644671592407394       0.97516828801912891       0.98508026555781414       0.99375399311539869       0.99963598357414485       0.99828108874661148       0.96557647904909027       0.79106443346781674       0.27788740568360898        8.0694556351720501E-002   3.5952900221022002E-002   2.4941829005535019E-002   2.2254720551531371E-002   2.5803840878811990E-002   4.2503368380786291E-002   8.7251967726178811E-002  0.16524773091959993       0.23845399973637052       0.27764754803175778       0.27309747059473710       0.21810011221502559       0.14369815405027880       0.10294395744675931        8.1243704662620930E-002   6.2226054250487106E-002   4.4974299181594894E-002   3.5962080078488841E-002   3.3762438225019370E-002   3.3775683990472788E-002   3.3418911112330599E-002   3.2182383612243196E-002   3.1266903077377367E-002   3.5110561074259639E-002   6.3499169586926807E-002  0.20667101728534928       0.66617727312328778       0.91274988194704054       0.97520846532702343       0.98622027189574468       0.97973912753755588       0.93925423125697827       0.77227346012862741       0.32847659275967928       0.11802917082360831        8.5796528647233403E-002   9.8282285952884255E-002   9.8148397170380208E-002   7.9634642558299606E-002   6.6416975741722034E-002   6.3162806949105491E-002   6.5105321632376340E-002   6.5950391968229688E-002   6.1782374674545303E-002   5.3361707317384280E-002   4.4651677883990860E-002   4.0480462128963973E-002   4.7768312290705661E-002   9.5821034252240617E-002  0.28611655690033932       0.63734384129405020       0.83461289916081105     
  0.98904641349187550       0.99386045127131217       0.99413687389232808       0.99346993582460696       0.99330080969665480       0.99409412487906557       0.99535866374868154       0.99469112960581862       0.98346786109884887       0.92727215637338556       0.69789525065585856       0.22429688071705817        6.6278615867231230E-002   3.0205314634669436E-002   2.1333224527112293E-002   2.2348754686496723E-002   4.0541170499864429E-002  0.10978878709023478       0.29614091800743891       0.57920746305082094       0.74908861736620846       0.79121079935980754       0.73414393332944139       0.51757866819203224       0.21611186636032348        7.8129303836937947E-002   4.1881239426143677E-002   3.3347369168068346E-002   3.1804989504937591E-002   3.4005131515513480E-002   3.8744290885391212E-002   4.2660570833335437E-002   4.2520877254886895E-002   3.8394357692698007E-002   3.4128074875748184E-002   3.7569119802001491E-002   7.6277857181383593E-002  0.27345811783709084       0.79676738389480684       0.96617623142198872       0.99803965115046123       0.99998998641967773       0.99877495576482467       0.97869202326896820       0.86787164197219457       0.43936148127644908       0.12897549520230572        6.2138175084630556E-002   5.5974099839148389E-002   5.7694121125174434E-002   6.1106534594363458E-002   7.6984036688645327E-002  0.10993322079277702       0.14266526377944660       0.14727235027729710       0.11835935959424845        7.9340714845995294E-002   5.1895735345282426E-002   4.3767532171094733E-002   6.1663288030051049E-002  0.16874625089022832       0.56272464093696783       0.87871757031423758       0.96803664087726249     
  0.99998998641967773       0.99927219772344344       0.99542946458060522       0.98969052886465125       0.98196717817984269       0.97290297204887466       0.96263345864516137       0.94356663484762582       0.89136755209089746       0.74472354104271321       0.40332167910228361       0.12388291414112597        4.3586372840713927E-002   2.3658175410845226E-002   2.0183908608147456E-002   3.3147689320857099E-002   9.6955966676351604E-002  0.31202953388790616       0.68687281832264924       0.88597298825527815       0.95086398956628526       0.96296442476833799       0.93773329604904665       0.81702547087559352       0.45403894352113572       0.12845219008462977        4.4633068241687932E-002   3.0018489220381292E-002   3.2512734085713160E-002   4.5028968228450761E-002   6.7181167133590597E-002   8.5613203848054556E-002   8.5573349482137337E-002   6.7256061188093491E-002   4.6281373337466299E-002   4.1130738030635612E-002   7.9843671912922465E-002  0.29182875748356407       0.82307170717571598       0.97440951512785856       0.99998998641967773       0.99998998641967773       0.99998998641967773       0.98628031044659836       0.89376632409720569       0.49040649847726658       0.13273792782990687        5.1427932982440271E-002   4.0618319225446363E-002   4.6615179459713600E-002   7.4178035137073384E-002  0.16453747228813301       0.32898320935768072       0.47592960535784323       0.50067162861240500       0.38889857037879011       0.22333634275397315        9.8692743837043198E-002   5.6023308888828310E-002   7.1722569072687606E-002  0.20978462858200672       0.68343942054910201       0.93659757603046712       0.99251883605149105     
  0.97893394528510425       0.97521537155329097       0.96337430738486851       0.94124422011739817       0.90293321235609059       0.85135005028103694       0.79531180992094397       0.71153725790130629       0.54449333383274101       0.31251743842270630       0.13864375832663894        5.5541715728500252E-002   3.0012336486004109E-002   2.4629906252483708E-002   3.4143157663141029E-002   8.4312064020913388E-002  0.26316936420176423       0.65117419396156651       0.89453659804644825       0.97161322191025501       0.99268678867662674       0.99642885166526585       0.98761983295513400       0.93228082977982052       0.69243285694533618       0.20556517520895243        5.8639215951391668E-002   3.4115861836439693E-002   4.5570397215373606E-002   9.6421906806501492E-002  0.19861154660084035       0.28161303368861457       0.28190151335600944       0.19967845221411915        9.8568187794198653E-002   5.3299635283690965E-002   7.5592258685599323E-002  0.26384620872584352       0.79186866407935852       0.96531970720764804       0.99783509313190388       0.99998998641967773       0.99998998641967773       0.98592662133902909       0.88819770373162110       0.46506227672862688       0.12124096662623353        4.3541747594009347E-002   3.3926809959035284E-002   5.0374359800756642E-002  0.13384263040268735       0.42742241508662465       0.75696805765335118       0.87810141741259207       0.89294221320885692       0.82709018667291201       0.60822215992076423       0.24195724010047012        8.6310687844078290E-002   7.1543939510206642E-002  0.17937124990197706       0.58822833383811279       0.88725698803633446       0.96591607997971718     
  0.83848151144921301       0.82899916806177676       0.78979834805972404       0.70826906148072422       0.55990106356217895       0.38541120606867801       0.27064461299064502       0.20159119032504066       0.14104069560246457        8.5520444611816196E-002   5.0444875776011477E-002   3.6338578562107350E-002   3.8863550821042425E-002   5.8164408801142341E-002  0.11338431417203335       0.26964074272011512       0.60450361398760299       0.86828083264610101       0.96283339301062365       0.99031240719714164       0.99844389349141593       0.99998998641967773       0.99828476031811875       0.96663190251580755       0.79458887160423375       0.26249853754890862        7.1759862226540308E-002   4.3637210827650222E-002   8.6594687573933071E-002  0.27454411085265590       0.61485263998182738       0.78559161366598962       0.78637322125674203       0.61861214981295798       0.28040766480389556        9.2998606491797753E-002   6.9787587710952781E-002  0.20166033124377553       0.67884768211688085       0.93011205540147168       0.98969536341266562       0.99998998641967773       0.99998998641967773       0.97869892164161232       0.85265009290678218       0.37788442215871237        9.7444367727752043E-002   3.5960804557933296E-002   3.0735912771246293E-002   6.2892273346070393E-002  0.22648631261272006       0.70144645624163882       0.92633145289823426       0.98058803888683110       0.98635200771369669       0.96197307071765570       0.84519998454131218       0.45627921251186365       0.13282843807800007        6.5008792651846434E-002  0.10547612624748288       0.30811279280728093       0.64255402584418608       0.80070309532837547     
  0.31111061136798818       0.29345246679054959       0.24891330375040871       0.19331160435643663       0.13515685716363682        8.7756767666422694E-002   6.1344408359225278E-002   4.8591589223728519E-002   4.0703805201978541E-002   3.5802915848329710E-002   3.7292066959569888E-002   5.3847917865967494E-002  0.10866833151823178       0.22101993819224580       0.41267553872318091       0.68064164609508315       0.86756730173561469       0.95173930159564957       0.98120313062134179       0.99213829748687277       0.99742861532609572       0.99998998641967773       0.99957909359017472       0.97175802173840919       0.81133195400847324       0.27756307380910739        7.7724534507971940E-002   5.7894293020343934E-002  0.16202317706186195       0.56694864162153846       0.87626412713004576       0.96098831827936770       0.96138999035124106       0.87899224988804692       0.57669402937961878       0.16786951007682871        6.7843787498162278E-002  0.12395120986003320       0.43352521717508796       0.81960052715453391       0.95381551166299028       0.98725943099744584       0.98742688202665185       0.94477125998399014       0.75108069112936027       0.26349269380033252        6.9992914622191302E-002   2.8886863678404224E-002   2.9273423537297914E-002   7.9461056212306022E-002  0.32335088958854102       0.82057935028961648       0.96913682428754211       0.99817326781652604       0.99998998641967773       0.98918785894921712       0.91805419325248250       0.60613395911526602       0.16780050457450979        5.8715301326170713E-002   5.4834288571365540E-002  0.10452351636531473       0.20229171066707760       0.28216711306837283     
   8.1319508592425885E-002   7.4335320456772713E-002   6.1135304147357648E-002   4.6565940987573912E-002   3.3616127703865309E-002   2.4862554158974905E-002   2.1512042003367725E-002   2.2200827618596819E-002   2.5631642093231332E-002   3.2942648658196565E-002   5.3199204546896695E-002  0.12556954630995296       0.35503427134308624       0.66269252455461902       0.82914992033180779       0.91263148651520332       0.95282180691049645       0.96979308630637817       0.97778281544557499       0.98406811471458644       0.99009107455945045       0.99426518486802751       0.99068556215349346       0.94946582513654287       0.75006098098613627       0.24104763495142384        7.2831876131525100E-002   7.0507184774428744E-002  0.23428592280831853       0.75021050212350082       0.95375184227928000       0.99625555191863902       0.99644142845702033       0.95567388749839599       0.75871573026245909       0.24213607675775187        7.0731787334615256E-002   6.7243575599596844E-002  0.19477140580684235       0.53214988852665068       0.80382434863775765       0.90112091304315856       0.90343631929116763       0.80109055321239930       0.48873206838415256       0.14767623997593959        4.5205825256228030E-002   2.3123686053802304E-002   2.9906347745295159E-002  0.10335974906172786       0.44026939119822045       0.87285807104610791       0.97992524465910569       0.99945627973368811       0.99998998641967773       0.98989219757512192       0.92115593532853168       0.60790982252400916       0.16252670251759610        5.0668333603736779E-002   3.4841352334571946E-002   4.3169382028910255E-002   6.1619052295760784E-002   7.7073235128120338E-002
   3.9750242859347126E-002   3.7892464630517944E-002   3.3520286252120751E-002   2.8505610388058364E-002   2.4334417668926588E-002   2.1906956499491960E-002   2.1520925986933236E-002   2.3324197957067399E-002   2.8503363333665068E-002   4.1465177104526803E-002   8.3647002507824170E-002  0.24838866765304021       0.68715852925412024       0.90274252263103005       0.95536787793674216       0.95979305911529078       0.94920216609021568       0.93824058274583089       0.93503001966769095       0.94078803862313110       0.95041609736999255       0.95511583368251873       0.93757272373524825       0.84378348372817447       0.53952350600146515       0.16024564922067963        5.8523049476114718E-002   7.6688283796397499E-002  0.27794401306438671       0.81409476622492505       0.97227993323185680       0.99998998641967773       0.99998998641967773       0.97466006210581169       0.82550641534032987       0.29642152387060489        7.6953571046930236E-002   4.1548661803427554E-002   7.2705488354028375E-002  0.18303024939834533       0.36990012389834959       0.53801481007913210       0.54750661239855036       0.38387325244760084       0.18084162579552970        6.5368533353682950E-002   2.8404242216919361E-002   1.9614662055934658E-002   3.3405555642003197E-002  0.13682239839566829       0.57504543202026859       0.90820298140046163       0.98450043990008673       0.99849754421691805       0.99779228541736131       0.98021741888798364       0.88104925051091809       0.48012255454620101       0.12265398581130467        3.9693911306251960E-002   2.6926331745449436E-002   2.8400315557296656E-002   3.3244355504593634E-002   3.7899400007826607E-002
   6.8435994433368910E-002   7.7148476134772132E-002   7.8043821749898892E-002   7.3815617111507636E-002   6.7231486930065545E-002   5.9407396127750527E-002   5.0259521366354525E-002   4.1326444006593195E-002   3.8800776849248118E-002   5.0530124494839804E-002  0.10265237872510014       0.30836011741133018       0.77365600044852678       0.93272510067656300       0.94325828677766343       0.89619188920812376       0.81922681776218886       0.75461724747543801       0.72597924735564057       0.73235200935582867       0.75301538591389205       0.75734604148100315       0.69850295035832588       0.50140978715573592       0.22733173891342837        7.8682948325668786E-002   4.3242172818939863E-002   7.6807301845847192E-002  0.29229103420945091       0.82896848175903648       0.97575107126273009       0.99998998641967773       0.99998998641967773       0.97997513715711904       0.84896949740889105       0.33075857884063264        8.3809064137176634E-002   3.4583461592471734E-002   3.5431596339834996E-002   5.9968386638260929E-002  0.10475499201806852       0.14911819528977083       0.15278620549889579       0.11076165542344511        6.2204270650502075E-002   3.3297699614120130E-002   2.1099959629290184E-002   1.8726555092242407E-002   3.9572492381401057E-002  0.17448978176911503       0.68434136424073011       0.93385736951685205       0.98784299705486600       0.99713448528008042       0.99264320351619628       0.95914215383069368       0.79572004441261079       0.30876529569975714        7.7691546942031869E-002   2.9549591225633769E-002   2.3770298583647674E-002   2.7491339860954311E-002   3.6817197911250120E-002   5.2657677774288619E-002
  0.24776383898827159       0.30043473592084474       0.31745097202058581       0.30966241659531812       0.28646561469202581       0.24947607921643464       0.19388354779862596       0.12329291590984937        7.2058578961740977E-002   5.9803800818911956E-002   9.2555789351831008E-002  0.23510033988206536       0.59755678825761072       0.76979742641082638       0.74254030769713930       0.57157456417335706       0.34541810287033126       0.22466154859576276       0.18674977810372267       0.18788822739768538       0.20396243084685978       0.21423032492454464       0.19581841857146598       0.13841113739735686        7.3670837756270049E-002   3.9520225364531703E-002   3.4291650207048052E-002   7.2261211993344079E-002  0.27878328669171076       0.81577353728103252       0.97270732748923849       0.99998998641967773       0.99998998641967773       0.98107342390135988       0.85207683658037869       0.33911238946143557        8.7118074583201352E-002   3.4239783027432288E-002   2.7523961508733444E-002   3.2513443758394586E-002   4.2433480870077568E-002   5.1749210192372483E-002   5.2620545974571636E-002   4.3884905002967795E-002   3.2607217382913577E-002   2.4126433663585033E-002   1.9133226237431772E-002   2.0051463551942844E-002   4.8325971348113346E-002  0.21391392520394051       0.75455751126603943       0.95124531095200027       0.99080738154458248       0.99560140065423308       0.98353944188624542       0.91753534026857553       0.63780291107562925       0.18236164133047056        4.7062982454924539E-002   2.3267832975530717E-002   2.4560508325428273E-002   3.8004435857854152E-002   7.7377626706371827E-002  0.16072086446738867     
  0.75702252551478411       0.82856053992050271       0.84450059582116033       0.84131289589415348       0.82625656678734183       0.78706889121395784       0.67767525039468179       0.43474754092663670       0.19129991689626943        8.5491912227282654E-002   7.2932304338758219E-002  0.11501774452107533       0.21692113726162107       0.27469996426511439       0.23794283085526322       0.15341533187205564        8.0953039002129246E-002   4.6058545826784848E-002   3.5465408938582681E-002   3.6811602984604889E-002   4.3378314729500739E-002   4.9718295695492312E-002   5.0316937452693278E-002   4.2853389229479760E-002   3.2658130126583695E-002   2.6877948069138399E-002   2.9794614798121385E-002   6.2825953482935779E-002  0.23485392442379496       0.75230818142367106       0.95392657274287862       0.99658360459803275       0.99997091446472597       0.97372205731738926       0.82397900564837656       0.30885668283363604        8.2818256163092588E-002   3.5486648206182109E-002   2.9178724884988006E-002   3.2300392121856224E-002   3.7273501290435024E-002   4.0529082400271602E-002   3.9646666337024676E-002   3.4710259057759603E-002   2.8331314559372971E-002   2.3069645651412639E-002   1.9960316670509601E-002   2.3424971756779642E-002   6.0758480150585721E-002  0.26061296013747098       0.80189432121901627       0.96410213034239411       0.99386295892865761       0.99368936196180246       0.96807037504794691       0.84218662232304731       0.40457704029688291        9.9172633864597820E-002   2.9324079579920156E-002   2.0932938191319712E-002   3.0794467583004081E-002   7.2044979011146051E-002  0.22262343632133083       0.54006650365640618     
  0.95181386913092170       0.97561851004647382       0.97905740026137167       0.97803375482448762       0.97472078158173292       0.96478072928747183       0.92864700918133025       0.80059044322779693       0.45367060393497327       0.14618874993730244        6.9153983652148296E-002   6.4369592731866557E-002   7.9649094139241705E-002   8.4848909673635300E-002   6.9289600261738180E-002   4.4979801239282795E-002   2.5512521673916027E-002   1.5353811540063841E-002   1.2021807427105327E-002   1.2838479890984229E-002   1.5971650803785480E-002   1.9776461226254895E-002   2.2626742270553814E-002   2.3595352946529251E-002   2.3294855555520837E-002   2.3360703694273531E-002   2.7026451482584628E-002   4.9227086562785745E-002  0.16137080654021582       0.56597771043451262       0.87362564443855828       0.96135573813241648       0.97164023946406941       0.92335114062834911       0.70644276614467061       0.23365265490146075        7.0360747187800943E-002   3.9163875195009683E-002   4.2897660301802712E-002   5.9672138091361564E-002   7.6141165373905251E-002   8.2995166830845332E-002   7.6356502390401135E-002   5.9006408639005511E-002   3.9709129261363836E-002   2.7714175223978742E-002   2.3148377260954436E-002   2.8925026678338309E-002   7.8085616810942823E-002  0.32103826787757256       0.83959220865854578       0.97508981402554074       0.99716507898904372       0.99075139082135322       0.94286772346585956       0.72852234600570931       0.23460370092101504        5.5023676807111295E-002   2.1085104942648362E-002   2.1636573218724111E-002   4.2359617270901713E-002  0.13481321429206305       0.48334235750385662       0.84186663951625673     
  0.99230644392360678       0.99998998641967773       0.99998998641967773       0.99998998641967773       0.99998998641967773       0.99875167177720747       0.98754859633223013       0.92645907684648177       0.67053418346781213       0.20786648435252569        7.2563420654521135E-002   4.7852000582821831E-002   4.5133164909262648E-002   4.2695558138628339E-002   3.6337565906130125E-002   2.8328260476709822E-002   2.1329917923811888E-002   1.6423364607484288E-002   1.3728392932664195E-002   1.3123826878890500E-002   1.4194893772155966E-002   1.6242003196728211E-002   1.8455680421492714E-002   2.0260055497281566E-002   2.1576032371659639E-002   2.2869188690656714E-002   2.5700048164238036E-002   3.6819506087063053E-002   8.5843680846714329E-002  0.27002899463760738       0.60432438184503801       0.78569724101453220       0.81299035623919957       0.70881838097378114       0.40254728512015131       0.13245545622999719        5.6585668818905685E-002   5.5271147823461965E-002  0.10383314612106812       0.19585414497552350       0.27390189372159468       0.30265283433507628       0.27151473501521911       0.19022874864135750        9.6533564530471697E-002   4.5449520249917684E-002   3.0018621703323586E-002   3.6223013535436978E-002   9.8035879478643326E-002  0.38636989554210949       0.86905758110411768       0.98429375132767960       0.99998998641967773       0.98445641217730406       0.89749697432063924       0.54944793035524087       0.13957484120498057        3.4686422842735008E-002   1.8366045991285121E-002   2.3366124873204223E-002   5.2079798259902298E-002  0.18613182165719960       0.65925517577952497       0.93203476396214158     
