   6.0627790337260947E-004   1.1843628400251367E-003   3.0388067278655207E-003   8.8354565876225307E-003   2.3751419767478899E-002   4.4331691592924861E-002   4.2303734979468953E-002   2.1923732068135953E-002   8.9254422832140499E-003   3.9282160843737415E-003   2.4972401982988755E-003   2.5731057021446922E-003   3.5751409638873615E-003   5.1894621181363034E-003   6.7024817183968305E-003   7.1637724063959522E-003   6.2376148994038073E-003   5.0001002591396511E-003   5.6880855298121341E-003   1.4115358539898072E-002   5.6791818121183724E-002  0.22763610764006700       0.49162303301492893       0.63518624135317092       0.69918235169141407       0.73865876270542596       0.77014686922255993       0.79322593537986397       0.80716315584181852       0.81312451955548393       0.81229227701377849       0.80456333699092464       0.78820935425341587       0.75948682336086615       0.71160438785279068       0.63714797241483390       0.54609381806732704       0.48333060675554235       0.49220860276836520       0.57093539837243434       0.67338005941822554       0.75052033664462314       0.79506022426658352       0.81995418241763052       0.83416628670709114       0.84064969747655383       0.83853629390084083       0.82207167864253794       0.77037488687860733       0.61259257223351438       0.22155310181532359        3.5038354151070095E-002   5.8405961705849030E-003   2.3811536235369113E-003   4.3857974550930694E-003   1.0110188783963822E-002   1.3956526208609578E-002   8.6252199742763731E-003   3.4880353310656805E-003   1.2683306049670979E-003   5.5116073822989115E-004   3.6453171633686116E-004   3.5126447494418593E-004   4.1622393662916275E-004
   6.7308593848493259E-004   7.3593543189179322E-004   1.2865022878025345E-003   3.0434707282623280E-003   7.0644388001503506E-003   1.1998914737746334E-002   1.1316491225600800E-002   6.1358001506930807E-003   2.5408909001033834E-003   1.0321753768758911E-003   5.3974958690432425E-004   4.5783385195749462E-004   5.7321448773887983E-004   8.0164971286648024E-004   1.0432487411969808E-003   1.1612873601179073E-003   1.1014653141485668E-003   1.0396571356970964E-003   1.4647797167850712E-003   3.9689019713004814E-003   1.5411804535283935E-002   6.2509429109631198E-002  0.20110507587879220       0.39171561130954952       0.52801950032554423       0.63013957612874161       0.70783413661617167       0.75535252293592348       0.77759710405871230       0.78246852781652365       0.77483511394631921       0.75535597968542367       0.72030275476525385       0.65967608213078543       0.55283371802218051       0.38226770075179911       0.21053969188993957       0.13174567521332325       0.13526324356462927       0.23456394208507397       0.45728922614757034       0.65779285521721387       0.76096351822561847       0.80796844183559724       0.83046216180113119       0.84066706211192221       0.84136442476840934       0.82927057925254732       0.78925777354982152       0.66863313070528663       0.33835338443933693        5.7261198962987536E-002   9.2693480959953004E-003   2.5014736051326321E-003   2.6395585265155501E-003   5.0565023631063593E-003   7.0731740395425851E-003   5.4384626897073379E-003   2.9330239982566213E-003   1.5383939036627810E-003   1.0223090220395292E-003   8.9702132148737970E-004   8.6162667419909715E-004   7.7437582409761166E-004
   2.0963003363815955E-003   1.3319184747829036E-003   1.1604730224434165E-003   1.7083213023805284E-003   3.0783961977880548E-003   4.5901632038132323E-003   4.3622799316854095E-003   2.6562951197988661E-003   1.2690193246078535E-003   5.7224645602712448E-004   2.8844524493177757E-004   1.9332969553082315E-004   1.8421361750953344E-004   2.1595672437138295E-004   2.5686419683776867E-004   2.7740160475022725E-004   2.6998340668365442E-004   2.7686578377659229E-004   4.2502515844799999E-004   1.1326430480441457E-003   3.9806880782111117E-003   1.4307803678167950E-002   4.4264830818039676E-002  0.10375136837900338       0.20766747574593011       0.38052295119420193       0.55947683132785941       0.66878271398848133       0.71397817499898508       0.72019300036916634       0.70165892493831938       0.66163625094191025       0.59497507310398345       0.48756618876264979       0.32341216538255657       0.15030622854704478        5.8892040888683654E-002   2.9084575055889912E-002   2.7294899859271152E-002   5.5863877896486218E-002  0.17807690728012032       0.48457618285905651       0.69706238445484003       0.78551852723031279       0.82209315427722807       0.83774234071754661       0.84173843565346063       0.83382353800232534       0.80368598893567400       0.71393117376443216       0.45825760154694417        9.7181290668825818E-002   1.6368838708877231E-002   3.4015735434383809E-003   1.6565370886741000E-003   2.1569707949858543E-003   2.9833089053086497E-003   3.0198116658264984E-003   2.6621400232554465E-003   2.6285614071663464E-003   3.0253417340475141E-003   3.5780733090987893E-003   3.7503863380397681E-003   3.1350433589434241E-003
   1.0235406116391788E-002   4.9615254394351519E-003   2.5230735024810869E-003   1.8937248412218036E-003   2.1769412671109080E-003   2.6759853127426457E-003   2.6360869124266040E-003   2.0287584835509123E-003   1.3929653742773115E-003   9.3606013057133842E-004   6.3974711281775912E-004   4.6692720282568687E-004   3.7708041151048288E-004   3.2208444084113718E-004   2.6666065584453520E-004   2.0719155669256608E-004   1.5676457537297785E-004   1.3264691676780974E-004   1.7078508074940479E-004   3.8437308882996593E-004   1.1448182535157667E-003   3.4818339974360159E-003   9.3835622848890635E-003   2.1094791931710578E-002   4.5590282276295704E-002  0.11178557882927619       0.28030274829128543       0.47511078657800609       0.57224304447326846       0.58973770403167991       0.55821123887755042       0.49171551158580207       0.39834588335413973       0.28823232004041061       0.17175417038330593        7.6060685839510422E-002   2.7538505063550659E-002   1.0760142522385975E-002   7.4186623735171481E-003   1.4743483976444821E-002   5.7784752573937365E-002  0.25390026450964198       0.57919494651524450       0.73936303500016631       0.80234762149001770       0.82812520378038301       0.83739106455527801       0.83445014211442681       0.81365132062282952       0.75065089213354563       0.56929209255213020       0.19183822171496850        3.6043238955106041E-002   7.0216322019051192E-003   1.9365753386762106E-003   1.2595011440564526E-003   1.6439406580485631E-003   2.5698362912624558E-003   4.4814011208825933E-003   8.1483306582987997E-003   1.3522236543710289E-002   1.9051832374242982E-002   2.1222074114718551E-002   1.7253904703090104E-002
   5.5148281040936428E-002   2.2526086772126506E-002   8.4195648810026936E-003   3.8757120492361003E-003   2.7436391908428497E-003   2.7343629465216785E-003   3.0650720318864772E-003   3.5147451755192208E-003   3.8683512580541617E-003   3.7285836883999015E-003   3.1281655231516609E-003   2.4597056511619403E-003   1.9102444807492624E-003   1.3997952619863821E-003   8.8190479496326544E-004   4.7921388663388440E-004   2.4942840439670926E-004   1.4400238165197631E-004   1.2156500696463623E-004   1.8905085742169418E-004   4.3220959290201532E-004   1.0600218467673034E-003   2.3972653397590425E-003   4.8905254591658232E-003   1.0473629930542223E-002   2.7208347367888186E-002   7.8453324392388113E-002  0.19192466936233493       0.31282606460724038       0.36134187117398897       0.34383723292465113       0.29145275541521998       0.23336244541647277       0.18303829335034558       0.12929635502302217        6.7610337446732366E-002   2.5146901264473196E-002   8.3366875450227931E-003   3.6535665307123617E-003   4.9204828005958417E-003   1.8675065024015742E-002   9.2139289378405612E-002  0.36703275078412456       0.63257250382935581       0.75189517029367425       0.80163188345045422       0.82258406144982221       0.82779578491852035       0.81750016189260588       0.77908370310550623       0.66888441632874984       0.38934377371272966        9.8842240299832393E-002   2.0826466661466793E-002   4.9252006723499815E-003   1.9142694571514804E-003   2.1409640736151318E-003   4.9257702053656614E-003   1.3612894194014472E-002   3.4869143588513306E-002   7.0184902221188589E-002  0.10795693379998224       0.12413456785015542        9.9518414445301351E-002
  0.25557171109250598        9.7626470168720475E-002   2.9965206614255103E-002   1.0544715872975820E-002   5.7193541159029282E-003   5.3939943511091947E-003   7.6178414229191981E-003   1.2503356139688594E-002   1.8535140403852450E-002   2.1318401510190307E-002   1.9382535343193310E-002   1.5537317767891823E-002   1.1717314011297105E-002   7.8061907921685913E-003   4.0415430805503067E-003   1.6535731092627087E-003   6.2731132275976799E-004   2.5816446257587600E-004   1.4538056896867645E-004   1.4733259134784154E-004   2.4613205798985362E-004   4.8619970913954254E-004   9.4940608942227695E-004   1.8173278279731704E-003   3.8165362889762289E-003   9.4588575627513622E-003   2.5857698485023312E-002   6.6444343394000141E-002  0.13438135242155272       0.20081783124119373       0.23390351442424351       0.23135400503887790       0.20982051507823088       0.18080252514731746       0.13605603117628901        7.3284389193194258E-002   2.6524770611653738E-002   8.0528492121280798E-003   2.6797881839185620E-003   2.0298761603145953E-003   5.8783818758860254E-003   2.7187404664807454E-002  0.12547835955370390       0.39359276758395373       0.61717626703842610       0.72885108154169242       0.78177624976657656       0.80573370588947180       0.81077173964044735       0.79519063529151257       0.74070919927210166       0.59263273590359744       0.29168098653820534        7.5633469697567346E-002   1.7972409186406375E-002   5.8768327146149681E-003   5.4652138602554389E-003   1.4143357458040387E-002   4.8573831228328396E-002  0.14820838653915180       0.30575097937469692       0.42490777760507664       0.46337980274383361       0.40909055190033972     
  0.50571790261911886       0.27798589559894266        8.8813366014217479E-002   2.8751454106562949E-002   1.4975932008113682E-002   1.5726406506194987E-002   2.7799968749790710E-002   5.7457250989307422E-002  0.10029567839542279       0.12699386070337695       0.12125664147191138        9.9420954617464724E-002   7.4727401747927358E-002   4.6814951462933518E-002   2.0297907064360465E-002   6.3426229346156297E-003   1.8049795431578290E-003   5.5267635924037594E-004   2.2534519979741164E-004   1.6436516522316154E-004   2.2425712063332823E-004   4.2660979401445092E-004   9.2420141498498023E-004   2.1342536697910326E-003   5.0019865935910434E-003   1.1495851154790260E-002   2.6554630234242111E-002   6.2483661800311667E-002  0.13677780157316446       0.24128768947175719       0.32345394516289933       0.34765958374401890       0.31394244112445635       0.23405925842460634       0.13697904885892240        6.1025890766931809E-002   2.0841737499587221E-002   6.2612081524587616E-003   1.9418469280641591E-003   9.8164174977285654E-004   1.7992424875807806E-003   6.8746717542004033E-003   2.8975157083517587E-002  0.10814495415586232       0.30907860538269383       0.53115827027374107       0.67069397094277627       0.74780625146667579       0.78535712629757704       0.79575755630545220       0.77956527589292424       0.71713876082069483       0.55528590414444334       0.26096921778410176        7.1380737953184212E-002   2.2209350790287387E-002   1.6874452491478589E-002   4.0655232740232222E-002  0.14401871766413524       0.37136188550150784       0.54854619007914873       0.63217887243872972       0.65529613419983124       0.62265057235515331     
  0.60879932093381117       0.42605893003593676       0.17997633624289711        6.4416048604492154E-002   3.7581487860536424E-002   4.6786375061682560E-002   9.8527786997019862E-002  0.22711637261107320       0.38366107495070584       0.47091144488337483       0.48804063338203718       0.46009978930826062       0.38943989222093439       0.25356960453942395        9.6718209830856522E-002   2.3128484070893657E-002   5.0419222080762167E-003   1.1945772069648613E-003   3.7878660852112340E-004   2.2991665748402183E-004   3.2224559931769115E-004   7.6683528526144348E-004   2.2673353009094108E-003   6.9743080736074485E-003   1.9289673452510585E-002   4.4670591415864401E-002   9.0406375877638223E-002  0.17719024896165883       0.31854588989206356       0.45724916907641167       0.53393584439722142       0.53800860358160729       0.45729998666769478       0.27512822728545266       0.10446611755137369        3.5113938620812496E-002   1.1473492443361662E-002   3.6570201927716298E-003   1.2063384939615446E-003   5.2513203004717470E-004   5.8700045581975917E-004   1.6554319452960727E-003   5.9142535363492111E-003   2.0435284530914095E-002   6.3480633243354082E-002  0.17410895680215407       0.39774271620706436       0.60494686054352087       0.72596640114510702       0.77910744980051494       0.79350108418807264       0.77530471897392916       0.70510835866500343       0.53199430071325515       0.24693253951615962        8.4636366306506006E-002   5.2905238753716083E-002   9.8023139540254295E-002  0.27851101113541132       0.51275931807014385       0.64194720766341340       0.69666505645594556       0.71058911929288193       0.68833262631763559     
  0.61445038088938009       0.44768184194748734       0.21544489351053578        9.0705069701954091E-002   6.3441034374284541E-002   9.0883962207754437E-002  0.19644227709371884       0.38898063853015924       0.55162588392607315       0.63781091030004433       0.67230836035991903       0.67457881430255284       0.64258001305165491       0.53777412936429514       0.29047076995496457        6.3687197733687737E-002   1.1680811014545727E-002   2.3395293321475598E-003   6.4440162512049320E-004   3.8136456373252337E-004   6.4314792528118170E-004   2.0085970662206010E-003   7.7252069258193900E-003   2.9918189587755183E-002   9.4816971205488335E-002  0.21777558571086506       0.36133853044379916       0.48307116166506614       0.58148372850869157       0.65001889148722392       0.67892269475700473       0.65496381772300438       0.53553676462966537       0.25988174489827115        6.5050111555505413E-002   1.6987710122837181E-002   5.2820671014893765E-003   1.8494760732000184E-003   7.0746396701065544E-004   3.1897457582832336E-004   2.4034083192078900E-004   4.3005655911148389E-004   1.2227704317169276E-003   3.7546956903121509E-003   1.1297711858648885E-002   3.4164480227538520E-002  0.10800885541487400       0.33402123041322973       0.61258313314572665       0.74372817722106033       0.79082700659744243       0.79709496111999845       0.76803995657437552       0.68253933995265115       0.49897543826596924       0.25917934371047080       0.15142110145637755       0.18872411237837700       0.36526799538312588       0.55465926610663940       0.65941562337015780       0.70469226664091633       0.71394371004246748       0.69001095600871443     
  0.55480484810463859       0.34816323268888116       0.14325975224965659        6.1902443995341914E-002   4.7644223063603490E-002   7.2160937302180830E-002  0.15900084215841773       0.33433977104223206       0.51580126982891084       0.63642589204187783       0.70212281245352548       0.73007567030441600       0.72426447054224297       0.65984964932393786       0.45596990499435908       0.12152218342578483        2.1581809416298781E-002   4.1844725389610770E-003   1.1771526009278731E-003   7.4413016394156179E-004   1.4182329815343835E-003   5.2493705539630653E-003   2.4388129165559783E-002  0.11351159957049621       0.34468788015548413       0.53293592845401849       0.62692560578085843       0.67822623894242307       0.71472958731395642       0.73942252518981355       0.74253801125794383       0.70072293150749676       0.54906925157365905       0.20817202732366880        4.0352089390076250E-002   8.6458243705937309E-003   2.5473367555706034E-003   1.0393261595226591E-003   5.1526646224917536E-004   2.7331517505554113E-004   1.6363919914836149E-004   1.5701555833278242E-004   2.9387781570261538E-004   7.6635641445388218E-004   2.2349321686297541E-003   7.3098606706917179E-003   2.8369394253708383E-002  0.12755600903064887       0.45973351533299706       0.69054382368442568       0.77366437331599613       0.79625225625261353       0.78663201680554529       0.74280718864747197       0.64473465582666800       0.48048371002486945       0.33288100374365254       0.31463854996073631       0.42580906195494639       0.56622835531831783       0.65659123340215431       0.69710423687717094       0.69958734347704221       0.66107891737274427     
  0.43497001217275483       0.18536123295816645        5.8958711197367723E-002   2.4253402756311979E-002   1.8496291253196441E-002   2.6678080632069411E-002   5.6398000210951420E-002  0.13702137854667928       0.30787852278868266       0.51506520095425412       0.65526618743709797       0.72177333846448555       0.73712309941833565       0.69528386977928525       0.53478596432544023       0.19094362289784117        3.7070832060168153E-002   8.2187811434107135E-003   2.7101617671831685E-003   1.6586341874891821E-003   2.7489152653136202E-003   1.0121814856162750E-002   4.9884704798823530E-002  0.23745483477800852       0.51590977043479114       0.65279893138090483       0.70674317733062542       0.73171836681267011       0.74853948582720709       0.75897751542026359       0.75195100754329358       0.69782916353021840       0.51665501106433409       0.15387131335369175        2.7067052061467624E-002   5.3629756806000536E-003   1.7110348579644052E-003   1.0069833258958918E-003   7.3237686369386032E-004   4.6377878193868029E-004   2.5080601125214929E-004   1.4088039030234927E-004   1.2451792100915988E-004   2.2233760527341895E-004   6.2190672917986686E-004   2.2972360598368428E-003   1.0774876394291009E-002   5.9705907348483585E-002  0.31165745491589358       0.61344055139432274       0.72891812783006316       0.76397619421249496       0.76815841225158865       0.75157128253314764       0.70703823889846473       0.62586894671290549       0.53029060753287482       0.48455472658642285       0.52359800511062748       0.60345821871782113       0.66616938169791162       0.69311559905145759       0.68019279337164329       0.60934339260752912     
  0.27678381286035297        7.8641373313764737E-002   2.1479726261283263E-002   8.1985305212023008E-003   5.8828657703265484E-003   7.9386855739146927E-003   1.5774210527981794E-002   3.9112365080925568E-002  0.11223702691142748       0.31653639475659695       0.56225992301582084       0.68603232221405186       0.72394857651086808       0.69805790988801120       0.57488585439899775       0.28521568327424246        7.4931776648617637E-002   2.2175997749459300E-002   8.3670747256182430E-003   4.0852812580281809E-003   4.1122492922341606E-003   1.1127280171127216E-002   4.7284881602782318E-002  0.20075521658192480       0.43809689072582536       0.57282320207303072       0.63313546495849138       0.66362929820439165       0.68502290669381327       0.69959390457949255       0.69350000551654900       0.62936414337876057       0.42147532587682168       0.10486156082447604        1.8962383359543134E-002   4.2859321566339776E-003   2.1480019126626946E-003   2.2164542592343151E-003   2.1717093061326027E-003   1.4702072535438873E-003   7.3885897801088192E-004   3.3295092885833198E-004   1.7939529864047991E-004   1.8283481042586871E-004   4.0379670640344517E-004   1.4212966801350798E-003   6.5307251567441943E-003   3.5135484064728655E-002  0.18569323100297830       0.46741187835680825       0.59955078111848015       0.64527770405169016       0.67096986927147606       0.69521821571410625       0.70864382907234069       0.69574637188537625       0.66221326565704031       0.63461113818121395       0.63736513627086222       0.66513969632317260       0.69114104880695193       0.69367606800367876       0.65296173349371323       0.52822982474353186     
  0.13860568492482522        3.3001844341956126E-002   8.4472669947361981E-003   3.0295544405354322E-003   2.0751239712288325E-003   2.8252652568437312E-003   5.8372931264323961E-003   1.5576318313127837E-002   5.1984635072662613E-002  0.19397374799696182       0.48023466821845628       0.64993959037146409       0.70609235803061809       0.69448037800033957       0.61263307815347523       0.42436228407122861       0.19680857165018228        8.0044991396833104E-002   3.0189063164745369E-002   1.0622541630196429E-002   5.2362422337795794E-003   6.6492342628356850E-003   1.8121839471943384E-002   5.6930957483511638E-002  0.13461997209446352       0.23109891305318678       0.31189765743546594       0.37025196548265099       0.41938534391306398       0.46074080470679923       0.47265791463132767       0.40830111732539404       0.22119664660966010        5.4435797263863953E-002   1.2082185258237411E-002   4.3885249721475911E-003   4.6667852501844050E-003   7.6312285747672471E-003   9.0001203924994482E-003   6.1527702044364861E-003   2.8592606719056424E-003   1.1702065984681802E-003   5.7348591756572380E-004   5.0730012807757190E-004   8.8196449861345939E-004   2.2256261201759626E-003   6.8129472657559526E-003   2.3966060638929705E-002   8.6614239603970453E-002  0.20100852477508940       0.26849375966140621       0.30486472550393023       0.37066377786676913       0.48840538037194431       0.62178816988066221       0.70162410322949131       0.72418950084455214       0.72174025762193572       0.71733321209696288       0.71769430661703992       0.71355013735254957       0.68574761388545158       0.60051475364372897       0.40020937933106654     
   5.9889715200726980E-002   1.4115661241420161E-002   3.7960304706101582E-003   1.4729495396335593E-003   1.2076559231898243E-003   2.1244989118437657E-003   5.3852088497317813E-003   1.5954764108452823E-002   5.3824745988914735E-002  0.19469040781853372       0.47397305943984852       0.64342666122174208       0.70311082124143687       0.70346366877023780       0.66122169380753559       0.57462721368805381       0.44212888306426562       0.26922079527792031        9.8037479944019734E-002   2.4434346278744405E-002   6.6938710662275726E-003   3.4240787957552608E-003   4.9109742168962313E-003   1.0852113541073349E-002   2.1577694976094696E-002   3.4405195515297179E-002   4.5739725773273066E-002   5.5642068038641718E-002   6.7019356835987046E-002   8.1617981130840581E-002   9.3841308021752126E-002   8.5828917889901532E-002   5.0055457598899733E-002   1.7597370823065471E-002   6.5204791253645686E-003   5.5902617805351166E-003   1.1902654277292753E-002   2.8069067415295544E-002   3.9812561608749006E-002   2.7588333981741296E-002   1.1860751165269912E-002   4.5788191153327482E-003   2.3262186745496914E-003   2.2598714371278423E-003   3.8632290608103812E-003   8.1483396736552263E-003   1.6911106015749390E-002   3.0115632383064830E-002   4.2508372451327658E-002   4.7292605271332472E-002   4.5906529882731771E-002   4.7767483258960318E-002   6.6175026429975553E-002  0.14326250299673790       0.39291808782802645       0.64064937758886076       0.73628429023280062       0.76047110010940744       0.75926465934811893       0.74713358580405986       0.71976392697518121       0.65412936377698860       0.49889535374483501       0.23083739528648869     
   2.5353664740672088E-002   6.5753900564896285E-003   2.1358257291854352E-003   1.1575580515313566E-003   1.5140666347892790E-003   3.8004404272826615E-003   1.1903426188656580E-002   3.8419179575554595E-002  0.11798983485254858       0.31731126682330857       0.55170446826667685       0.67695421738836103       0.72493331599107980       0.73175423138669782       0.71405352117259846       0.67735411436497583       0.60977139993840812       0.45830973468770675       0.17948772311164451        3.5540409687723540E-002   7.0745459556012438E-003   1.9648291761778054E-003   1.3158866224445025E-003   1.9272099801958082E-003   3.1770355488829794E-003   4.6420803546910454E-003   6.0060618908684554E-003   7.3686224848702915E-003   9.1502533222862590E-003   1.1636080619008017E-002   1.4033165117452047E-002   1.3778584585699308E-002   9.5471765527532313E-003   4.9991134297522732E-003   3.6774776829509958E-003   7.2018934875255451E-003   2.4623842572637600E-002   8.2742327485808662E-002  0.14961089473491668       0.11240251549827167        4.6801741674835098E-002   1.8026974206154026E-002   1.0284325556684635E-002   1.1635228048424533E-002   2.1148662453700149E-002   4.3370330290390273E-002   7.6704142320190322E-002   9.2672530874672920E-002   5.6827414996578632E-002   2.2512550844127992E-002   1.0447275337895461E-002   7.8776191260193310E-003   1.1916854253275272E-002   3.7160545887131038E-002  0.16658636794725451       0.53301768302719366       0.71682012671091477       0.76980006317585592       0.77427163827775225       0.75424352915204496       0.70402453574002966       0.58786421303066827       0.34612011135264115       0.10483425109380957     
   1.2997202778010957E-002   4.1662050186155510E-003   1.8677086976046601E-003   1.5239332588793963E-003   2.8410592841074541E-003   8.9425803715961726E-003   3.3364196655289960E-002  0.11849516482977504       0.30527554168325227       0.51365285247937231       0.65458261700751252       0.72817102589869309       0.76025756910225417       0.76743082990389277       0.75815541108265649       0.73299287347133135       0.67272783649980439       0.50799186459400214       0.17740612436076708        3.1514681215179169E-002   5.5535655380449019E-003   1.1933635778939909E-003   4.4138576670599403E-004   3.7843295781604045E-004   4.9282698668351248E-004   6.5823900028121128E-004   8.3262008664776596E-004   1.0318791299392996E-003   1.3130162320022431E-003   1.7164889619954039E-003   2.1429060606923457E-003   2.2756997480540024E-003   1.9244126885776609E-003   1.5578189534192308E-003   2.2164061738394621E-003   6.8388722155044426E-003   2.9220797822249941E-002  0.12166912646081861       0.27328763687405416       0.26893001902345948       0.14461383663663327        6.5814443508619480E-002   4.6327715236519136E-002   6.1233576380931645E-002  0.11637903884033424       0.23160903528609153       0.34531898337749944       0.33246238278387563       0.16512455159735345        4.4574055387754462E-002   1.1844621390093714E-002   4.4730710138081936E-003   4.6030746170210787E-003   1.5959984500515393E-002   8.9106816711915865E-002  0.44002792782310751       0.68769422810952707       0.76258922843870047       0.76936854917798725       0.73810489382408573       0.65743535093321137       0.47915335104137541       0.19840425042452850        5.0143624548467991E-002
   9.9632210253220149E-003   4.5697245095418287E-003   2.6999380822695998E-003   2.5416501216307280E-003   5.1475096565282005E-003   1.8003998208651582E-002   7.5678932743749011E-002  0.27013144826595953       0.50474684379441215       0.64760842454586254       0.72689204172852384       0.77035480671710033       0.79099088113246729       0.79508065605173739       0.78464444328175575       0.75384407930463870       0.67335384847743018       0.45741200634574225       0.11958521676567550        2.0630945693558785E-002   3.6511226946458713E-003   7.8018605152782138E-004   2.3957588910936782E-004   1.2359402413777615E-004   1.0481399325958732E-004   1.1601638096570036E-004   1.4022465991705396E-004   1.7685798844511286E-004   2.3347242945102859E-004   3.1607947561525468E-004   4.1324797359497607E-004   4.8984135220071854E-004   5.3539337257594937E-004   6.8100655657066375E-004   1.4518365045577116E-003   5.1044790393897877E-003   2.2460339312785176E-002   9.8142628034600610E-002  0.27127638467314802       0.34070451455843687       0.27002436907740685       0.18790772729968111       0.18084504760682169       0.26199888213437261       0.41041797304166355       0.54581727690745019       0.61469686576701499       0.58975919433459256       0.41925845509327975       0.15441801190399279        4.7378225889429533E-002   1.7587300154287638E-002   1.1599654845980240E-002   2.1267853184456603E-002   9.1038216923994747E-002  0.42018789985560168       0.66964995027282026       0.74369363780910958       0.73945356250473548       0.67981773734479167       0.54510091720272202       0.31117354134548914       0.10159395027763275        2.8693381794989488E-002
   1.1477049073796411E-002   7.7895966996718849E-003   5.1397761150427882E-003   4.2287425001288851E-003   7.0655808192335934E-003   2.3165983420933251E-002   9.7779405517564075E-002  0.33722486496128945       0.57566840719851031       0.69886956416500690       0.76067857585893217       0.79297212253511962       0.80707342842914787       0.80648052712246665       0.78939191955225718       0.74323317383871812       0.62452585908914082       0.34077832137221492        7.0546169705492198E-002   1.2608673774032408E-002   2.6636341972009238E-003   8.1233975354332033E-004   3.3244949434185951E-004   1.4972012468029931E-004   7.6031200442631925E-005   5.1927382605761465E-005   5.1788241904984508E-005   6.6771276581079493E-005   9.6006002238487568E-005   1.4091754782624024E-004   2.0306727023011286E-004   2.8819618969611185E-004   4.2260617165864852E-004   7.0729754387315329E-004   1.5441055655498733E-003   4.6845335801120420E-003   1.7944172851062375E-002   7.2096414479097912E-002  0.21510594631221114       0.31892692394316219       0.31596553355361767       0.29663098700643648       0.34332317578853883       0.45993407976110512       0.58388477485934986       0.67010349742194908       0.71378301175809045       0.71289464661388247       0.64469807879418006       0.46971540556690050       0.23228608014791308       0.10552125884075615        6.9539179656970873E-002   8.1562206971144927E-002  0.19084646686373144       0.49019449925207131       0.66214766958113302       0.69816493452456918       0.64985357875373817       0.51571909867572607       0.30160480499747888       0.12026819572110646        4.2943534105842077E-002   1.8871227006229837E-002
   1.5919216025714826E-002   1.5368253806921766E-002   1.0621997678255602E-002   6.8359078046820480E-003   7.2260999980321775E-003   1.7428859710760507E-002   6.5683490945452547E-002  0.24747410713396534       0.52384949693409089       0.68645406861893543       0.76046777861539816       0.79323749930294174       0.80358024201908318       0.79609400303159850       0.76575122829446296       0.69078965939703751       0.51275482506391834       0.19920371712984072        4.1008356880388341E-002   9.5635006960697964E-003   3.7421205067773721E-003   2.1080012742468409E-003   1.0603252505732329E-003   4.3869544520070580E-004   1.6979043839634395E-004   7.6931153259484543E-005   5.6344865328929599E-005   6.9664171978209942E-005   1.0997252559797847E-004   1.8588583972794785E-004   3.2257478984984027E-004   5.7543673299876230E-004   1.0484880820077751E-003   1.9365908788937635E-003   3.8082726221585544E-003   8.9167846330295373E-003   2.5952785986391492E-002   8.2883361547873249E-002  0.20771040258174306       0.29480481905554129       0.29971062274668747       0.30142374596811283       0.36586336646132267       0.48463785236051932       0.59796222551084466       0.67802802453656097       0.72860899892191044       0.75359067089666909       0.74826805071757019       0.70091030482529437       0.60750166745713663       0.49430656818936952       0.40286919942167959       0.38396972022468812       0.46065497021573693       0.57442911148587772       0.61450201544091965       0.56440068223207751       0.41391201596441601       0.19933549243181942        7.4677528136184640E-002   2.9464299189384240E-002   1.5463827804742378E-002   1.3660288044641710E-002
   2.1107973885578730E-002   2.9149875695831853E-002   2.2297027030459295E-002   1.2086897084324595E-002   7.5921474375005580E-003   1.0167418426122845E-002   2.9280023101276104E-002  0.11239200533494140       0.36691926858785606       0.61461705465032990       0.72605950862155999       0.76711227335140963       0.77333415423074703       0.75263304615996640       0.69455638573911316       0.56435911183757503       0.31962041283460491        9.7116379871121677E-002   2.7670417790132049E-002   1.4302315765523340E-002   1.2339615721272896E-002   9.1222498122396564E-003   4.2668834288186915E-003   1.4746588213861141E-003   4.5450491585945826E-004   1.5232762277590759E-004   8.2020923791318822E-005   9.5142670828151849E-005   1.7222481967235298E-004   3.6166005004915116E-004   8.0159075348688825E-004   1.7962165212662053E-003   3.8964470324516680E-003   7.8773048031352527E-003   1.5110993691573704E-002   3.0487819430460191E-002   6.9768794529416214E-002  0.16368314928265781       0.28292764191486780       0.32025168035243318       0.28271747086937726       0.25364648615018964       0.29197391334115597       0.39799425481246498       0.52189018854194547       0.62485871592714748       0.70145414674013051       0.75312821985772294       0.78044097674291646       0.78338085057964879       0.76287222942249677       0.72436275529335825       0.67741625342021849       0.63259518718241525       0.58990911175871341       0.52891311971580723       0.42206440513556959       0.25792005040936727       0.10858362962899078        3.9760463493190575E-002   1.4519005237754906E-002   6.8377157187034668E-003   6.1152287707835042E-003   1.0643137257219187E-002
   2.4899052872948618E-002   5.0679059602443823E-002   4.9338997006123639E-002   2.7253348617685223E-002   1.3383781453879669E-002   9.5714275637397810E-003   1.5936878471694359E-002   5.2375554071710226E-002  0.20742295391348325       0.49939020562616143       0.65605399720613711       0.70540380212805454       0.69912358142836939       0.64771672925953250       0.53341507234430197       0.33281725035411591       0.13447616962181139        5.0263850451332172E-002   3.3612431840439050E-002   4.4287875496664908E-002   5.6574342534953768E-002   4.2824877107674249E-002   1.6274149821622085E-002   4.4338628361058653E-003   1.0825936579733359E-003   2.8033450249347736E-004   1.1702246566413165E-004   1.4146915443141123E-004   3.2993667556033670E-004   9.0558627868935078E-004   2.5179019328122943E-003   6.7144854080905727E-003   1.6532101777984302E-002   3.5880089187665352E-002   6.7819686674455926E-002  0.12156927421469597       0.21578534525549073       0.33466500347107775       0.40398533958037713       0.38351087975188747       0.30031610097165573       0.23254331584121338       0.23494543208997484       0.31031169403833575       0.43072934740953966       0.55617493067210522       0.66186197515616607       0.73744202409313275       0.78357198493040836       0.80524753010404448       0.80659885289350153       0.78932302895056561       0.74974745397379206       0.67022087401294661       0.51238984887208894       0.28923885194072363       0.12439653422691280        5.1837944983039771E-002   1.9825166934176668E-002   7.2009905595785354E-003   2.8536153759924359E-003   1.8466439688058691E-003   3.0471173612899561E-003   8.6321648934001849E-003
   2.8135195725597362E-002   8.4931041171775426E-002  0.12150749904145085        8.4238802382696876E-002   4.4801286750670036E-002   2.7235250663660962E-002   2.7236682498696235E-002   5.4300507806514006E-002  0.16801891502670976       0.41449521623698882       0.56670559511158447       0.59750292094355684       0.54885548222988134       0.43515571445978540       0.27120262052439570       0.12798205686498437        5.9173228340017356E-002   4.5801949397833386E-002   7.6453434583906452E-002  0.16020599640295383       0.23140700647504273       0.16660818118188053        4.7440231166815339E-002   9.8830703660821480E-003   1.9326020602781916E-003   4.1168025802953420E-004   1.6292669715504946E-004   2.7354127673530609E-004   8.7659411295949426E-004   2.9969177231841011E-003   9.6510837772841151E-003   2.8166854514336745E-002   7.2718104569125350E-002  0.15564159487239546       0.25765044103918938       0.34599018604711712       0.42025627453715081       0.47653674887959541       0.49291772682817919       0.45322465654924077       0.36799889706387534       0.29459379264163971       0.28719642554568753       0.34723372842690786       0.44613386188370996       0.55471337046570179       0.65436376209777380       0.73093489700827885       0.78043945682639604       0.80614661300169799       0.81112231040337035       0.79320027026680318       0.73580539395788780       0.58494444006709712       0.27812477811775516        8.1069469599351407E-002   2.5778628187281112E-002   9.4527867199915346E-003   3.5837276342699036E-003   1.3688730244440265E-003   6.4524072628507824E-004   6.9574343611648935E-004   1.9376699725032155E-003   7.3917357792279322E-003
   3.2947358762155460E-002  0.13928222969272736       0.28626808847286112       0.28677660108900660       0.19903622087595438       0.13419230058142503       0.12033560248596792       0.16287532502725219       0.29150575461433653       0.45170462912304571       0.51459747271815559       0.46659630948131681       0.33211817880715488       0.18871951597549383        9.8368812914946369E-002   5.5580176925080486E-002   4.7078629817518924E-002   7.7423238456603524E-002  0.18396146354413481       0.35907223592886506       0.43288343882125824       0.29613658173161667        7.0987332810634324E-002   1.2711221160816870E-002   2.2170301538371774E-003   4.4921886328682829E-004   2.5880774670823789E-004   7.4254405742987719E-004   3.0351091243814303E-003   1.2078600663717437E-002   4.2184422133538353E-002  0.12099545450740161       0.26966360712210480       0.41250970174764290       0.49034299523970493       0.52096944749514540       0.53343534753286703       0.54225235061214638       0.54183065185871260       0.51925386834212994       0.47712851889116353       0.44747335128855326       0.46272273423718113       0.51531803966473111       0.57760249582191281       0.63762502406234978       0.69510531503740358       0.74533304353355967       0.78180074035021074       0.80150848590493429       0.80235051959624160       0.77588842987249063       0.68942412229438998       0.45084750267727564       0.11550723916704346        2.4340410496743920E-002   6.2028030505932794E-003   2.0053460599380938E-003   7.4796782686540166E-004   3.1467839396219293E-004   2.1109470469248085E-004   4.0410778436297264E-004   1.5201052680584571E-003   6.9395850302709132E-003
   4.0272612653183250E-002  0.20667015156137233       0.46678619558576667       0.55634693418940828       0.54184980065819555       0.50059780569409829       0.48128702274034613       0.50407911281888074       0.55390989957784542       0.58349836069848227       0.54426259348448858       0.40121221234186044       0.19507857306637322        8.2078693875926770E-002   4.4564530977723213E-002   3.8688004500459318E-002   6.0527055128873575E-002  0.14398650618883543       0.32849177891523995       0.49226986604439621       0.50651543057596637       0.30674207499987494        6.3392406073249183E-002   1.0728842741414345E-002   1.8457537383962449E-003   4.4113520480979949E-004   5.5951322544630353E-004   2.3819772868863744E-003   1.1517864083480675E-002   5.1834948347452170E-002  0.17986614710220072       0.38769513978115050       0.53092238699869121       0.59579196557781389       0.61317871650727684       0.60538673805401300       0.58996044341951381       0.58117062269388453       0.58118358961998773       0.58226483094989534       0.58397602708415164       0.59802404662769981       0.62994969225765651       0.66814138320394212       0.70020375295861803       0.72505719702538218       0.74766312599000884       0.76986939149536826       0.78844240682935263       0.79842253277565445       0.79398938757638915       0.76253816993305601       0.66387201689540598       0.39530593046668161        8.5483622054816355E-002   1.6255044193338487E-002   3.5870214410848996E-003   9.8513982416458283E-004   3.4171735736214612E-004   1.6241201920605034E-004   1.5244661473236306E-004   3.6307746465762326E-004   1.4683813296925967E-003   7.3447266920803368E-003
   5.1973536504886016E-002  0.27863272255995164       0.57481511883459790       0.68745327228966724       0.71377789649279522       0.71179064663241343       0.70691933050380074       0.70804386351184256       0.70850617333596377       0.68772445924107550       0.61038159553041726       0.41719684918118699       0.15394367840768741        4.9998491087698875E-002   2.7285935722968259E-002   3.2670735270078376E-002   7.3095005418328057E-002  0.20590826436112580       0.42193838660119776       0.54465799216557753       0.50808220879668775       0.25959322230460413        4.8597728786615828E-002   8.1007093079416490E-003   1.4696452276885613E-003   5.4819023433079971E-004   1.4235859738348554E-003   7.4080709081417529E-003   4.0650136508972250E-002  0.19226808197474868       0.46110649315379260       0.61122270362820408       0.66506713222598635       0.67690759305745130       0.67071648583991061       0.65499931787933163       0.63662810302529727       0.62514031534244285       0.62582722571342697       0.63686915692113988       0.65731838917468532       0.68761325935095430       0.72212472437242048       0.75142043195299202       0.77043836944178112       0.78045317677422665       0.78615592312887306       0.79164085386142358       0.79750281747060137       0.80065286624220466       0.79537815521645194       0.77078737696659771       0.69687003105460343       0.49348926973543233       0.16060389371206515        3.7660591890249631E-002   9.0945779784867963E-003   2.4461041856046759E-003   7.9575364103075534E-004   3.6358396903922409E-004   2.9994098827154701E-004   5.4445948447140664E-004   1.8717796996282235E-003   9.1169203289255662E-003
   7.4454104595770620E-002  0.35560558343363535       0.63152000298668187       0.73687603820238534       0.77163778945441019       0.78121587308858098       0.78211458501261122       0.77946985721517714       0.76995318528889534       0.74019241133673630       0.65689939081685622       0.44495511006564048       0.13791048026768959        3.6094240338183037E-002   1.7724279007172380E-002   2.4485873109289163E-002   6.7327951866806540E-002  0.21964489294708686       0.45246119340831414       0.55957047947482430       0.49927996316725509       0.23061071291918075        4.2401775488502075E-002   7.2683038707807984E-003   1.5030316660315163E-003   9.4197824879890097E-004   3.3749755248760624E-003   1.9164261189930774E-002  0.11049771345341268       0.41844247110119653       0.62845871517330532       0.69650603371516195       0.70712124716928737       0.70111172227260854       0.69288006908591337       0.68357735516306728       0.67244149011901189       0.66273617546080843       0.65944401094309424       0.66688264439331513       0.68898261125543880       0.72360524571262164       0.75976213816775351       0.78727193228501213       0.80276496041554535       0.80797781010461289       0.80726229302252217       0.80561059433173177       0.80607696241647231       0.80777011824335698       0.80642814168884980       0.79491084206560136       0.75808911859584827       0.65715690906894375       0.42399982823156068       0.14733869984230705        3.9844522027160684E-002   1.0524052605880645E-002   3.2424455620085539E-003   1.4113430362843145E-003   1.0465153062036250E-003   1.4318449276717522E-003   3.5594557093606145E-003   1.4324183524559754E-002
  0.12475422243418657       0.42997486896378850       0.65425987759793025       0.74285769219362652       0.77597331962013338       0.78758941870500543       0.79069377036490485       0.78958048670050784       0.78103228296784499       0.75139157142276558       0.66363024921850733       0.43001576646314998       0.11160024538057631        2.5339304902566907E-002   1.1222439472264060E-002   1.7002194983693680E-002   5.4564996795458086E-002  0.20535149639811429       0.45711845308400206       0.57013888425043246       0.51464753523627726       0.25483046715495661        5.0516398966702215E-002   9.4651780334182693E-003   2.3638269558072214E-003   1.8799179643913002E-003   6.6195713502616351E-003   3.7185482128155790E-002  0.21026694467572180       0.53308283763239406       0.66751493902509573       0.69349456311428348       0.68313499461419880       0.67057743242534484       0.66801402774761520       0.67036017231045530       0.66882842975123957       0.66037757572204248       0.64864487911269131       0.64466895051947404       0.66361714752978140       0.70649566363094718       0.75391249728623211       0.78908480100053857       0.80820842898379619       0.81428399227502024       0.81277197899369102       0.81004235815242265       0.81084916305845067       0.81533377993210188       0.81966897140383144       0.81859934291131442       0.80479092739647629       0.76319435659739665       0.66058320212226862       0.44750831236972671       0.16839084051027606        4.4272482452244813E-002   1.2860856071859900E-002   5.5460243321200824E-003   4.2448380200706291E-003   5.4091488906668856E-003   1.0379516265251024E-002   3.0687807207546006E-002
  0.22716396838913192       0.47541936831717574       0.63033456799257592       0.69777891270714709       0.72480583089837824       0.73486489960771928       0.74063098990631282       0.74700136482689139       0.74750602134330135       0.72153932659787334       0.62180625679889145       0.35447294239556931        7.7970169525950372E-002   1.6806798920537085E-002   7.5249757521242628E-003   1.3036349861692767E-002   4.7012162334114337E-002  0.19291896279654663       0.45478266426227443       0.57853626516376078       0.54666566115076964       0.32981920026416067        8.1868785433418731E-002   1.8001193971975051E-002   5.5019480646320553E-003   4.2093395756950328E-003   1.0870069386211163E-002   5.0724222682476193E-002  0.24641591299677867       0.50830135697399026       0.59661233873373787       0.58882110943422916       0.55059395689643742       0.52606806652087923       0.53160327511187522       0.55232707695539029       0.56571044770455525       0.55906234744614436       0.53340269646256222       0.50978928574633142       0.52638439987631391       0.59657955892342951       0.68274272795289415       0.74672431569338504       0.78238543379335102       0.79726880347203444       0.80087693676902150       0.80244501860220796       0.80835841384776685       0.81863745390396325       0.82879287354383679       0.83404185109448814       0.82993475162279440       0.80955865556626827       0.75770886593978615       0.63955092950707904       0.39925611429728491       0.13296616260032712        3.9273474282094906E-002   1.8228606847640026E-002   1.6393082029018777E-002   2.2951895355255922E-002   3.9488162205698611E-002   8.5121856247707503E-002
  0.33188916865667650       0.43334336392529138       0.49886254804549024       0.53169435484851513       0.54321369039696343       0.54776686292351451       0.56295977065196356       0.59709031128416656       0.63215878932993030       0.62428902860077384       0.50892462708128239       0.22839840701504727        4.7681529940416092E-002   1.0946499811817806E-002   5.7362265443288603E-003   1.1266782888942487E-002   4.1258296731993611E-002  0.16641729889178333       0.40578127853646240       0.53816914915001635       0.53698851741839182       0.39092091962047681       0.14615090232150757        4.1701264044344814E-002   1.6215099456265730E-002   1.1424915833258834E-002   1.7410290102475620E-002   5.1001980918614180E-002  0.17358537247897293       0.32424268421747815       0.35637139990224254       0.29920131494593727       0.22623698528215511       0.19057156468203604       0.19763857181154582       0.23041393079844877       0.26123435968684239       0.26443576822251602       0.23578950283853439       0.20368585726206995       0.21451789285444559       0.30716907498336593       0.46632710340332906       0.60466056430823456       0.69070644109086143       0.73671337740983078       0.76103948731170235       0.77780803037301538       0.79576885658802077       0.81508711107603216       0.83117839266022941       0.83999175589836272       0.83824473229521568       0.82045796822495431       0.77330029366632591       0.66390286137793508       0.43625976702625363       0.16642945935967496        5.9648760414220806E-002   3.8583419270899116E-002   5.0275790124091092E-002   8.8683467655415099E-002  0.14957172875869049       0.22977770318501137     
  0.31627180133749999       0.24777764927054852       0.19767054265045106       0.16849872444170172       0.15063230040251091       0.14557115743904125       0.16718241112045648       0.23699278220911807       0.34507193400338521       0.39532099009655641       0.29664782404156803       0.10663299298241460        2.5046336797785146E-002   7.0086346638122366E-003   4.5554825732499150E-003   8.8567633382103609E-003   2.7830922598051026E-002   9.4355597632462568E-002  0.23441526973287985       0.35175304997651646       0.38407505653466367       0.32427619678394676       0.19067664888586625        9.0626791513701260E-002   5.0515123139728002E-002   3.5664040965572755E-002   3.2194330689915257E-002   4.2606268237695200E-002   7.1746835708625001E-002   9.3091330545172019E-002   8.2393124229808240E-002   5.8313514008181182E-002   4.0138623416904787E-002   3.2379678739515708E-002   3.2942522271660848E-002   3.8486900524677556E-002   4.4915470912257283E-002   4.7752939747246599E-002   4.4834391131540557E-002   4.0167726973170656E-002   4.2877446729827816E-002   6.5137029418509268E-002  0.12895852374602670       0.26691241010332428       0.43779068631563994       0.57055131398225634       0.66487496876445429       0.72756476106054457       0.77136409029337560       0.80391313803402331       0.82576073308991371       0.83574993953421317       0.83120103482822072       0.80366140563651167       0.72848356568085570       0.54779351289276890       0.24561613919542147        7.4467511734667022E-002   3.2730973838485958E-002   3.5932059508896608E-002   8.0352994837499289E-002  0.19481373318435630       0.31541881978576153       0.35546350797177384     
  0.19561598111706574        8.2184366725734675E-002   4.2075269282864730E-002   2.8993387428071601E-002   2.3967672749733302E-002   2.2968232864723003E-002   2.7923529637199407E-002   4.5367648991149929E-002   8.4158006900797958E-002  0.12470348622075558        9.7633602643663928E-002   3.8290403453618685E-002   1.1469966238213856E-002   4.1611636193751925E-003   3.1005487360190923E-003   5.1022551491301535E-003   1.1752217335071910E-002   2.8104867301745353E-002   5.5707899954053682E-002   8.3656985385518245E-002  0.10489816583844554       0.11820119753608768       0.12403000723632752       0.12963427270232411       0.12721509471628645        9.9754126712324503E-002   6.0945255622908569E-002   3.5998248037286587E-002   2.6485045275348285E-002   2.1675856023317428E-002   1.5932709930146133E-002   1.0401976932263083E-002   6.8417320580258113E-003   5.3208759979053036E-003   5.2553604449995682E-003   6.0882151612379823E-003   7.2884639625122177E-003   8.2652814398204485E-003   8.5961195079628395E-003   8.5855060046456395E-003   9.3877853257738047E-003   1.3053797503892180E-002   2.3854161764343518E-002   5.0021914506924510E-002  0.10718417319223704       0.24425214779343390       0.47146961552581429       0.64468604838111820       0.73590193976461338       0.78444022692410742       0.80922154267897761       0.81533583894975648       0.79960546981819680       0.74447488597472111       0.59879161812882931       0.29515346353877536        7.6203487298978689E-002   2.1515523377506111E-002   1.2463972798141281E-002   2.2347843139122654E-002   7.2469001898247995E-002  0.22511753863191927       0.36578961183959069       0.34469744942399749     
   9.4639146532135010E-002   2.7941159126611808E-002   1.0041960725134795E-002   5.3068885309266213E-003   3.9284775302964913E-003   3.8308395661636324E-003   5.2784045227334160E-003   1.0153767780581137E-002   2.1418646651959260E-002   3.4102199738352233E-002   2.8281365173481426E-002   1.3054135797818852E-002   4.8685969732762506E-003   2.1466383484980752E-003   1.6528113546257093E-003   2.2297515549443607E-003   3.8107164727330576E-003   6.6777156078879395E-003   1.0585294904024231E-002   1.4705250316942725E-002   1.9403124309886274E-002   2.7546028344563125E-002   4.8539490319840548E-002  0.10397508965944410       0.17665134423422746       0.16242611425920353        7.8547995134923096E-002   2.8222133235233288E-002   1.1400511506599554E-002   5.9144914997581967E-003   3.4947209435993174E-003   2.1002673714019906E-003   1.3264399988371228E-003   9.9105591843280769E-004   9.4584271942235330E-004   1.0970424670734662E-003   1.3975238382705239E-003   1.8375347530151555E-003   2.4580982879464186E-003   3.2937047825078005E-003   4.0773281465707597E-003   4.5110790887701009E-003   5.7112576562749042E-003   1.0131442834735481E-002   2.4318565017123699E-002   7.7493414911389238E-002  0.27367047516799964       0.55554421318033331       0.69620299860376722       0.75299223209365518       0.76909322489864895       0.75543697005597710       0.70541910902211413       0.58499613794807426       0.33625568289194990        9.1849672530510060E-002   2.0926893544885729E-002   6.7425651554845149E-003   6.5895786283714274E-003   1.7812464527873040E-002   6.5813887266775950E-002  0.21174332627911213       0.32601133234107077       0.25077380216485695     
   4.2815957473679840E-002   1.1271588209500437E-002   3.3156935999704797E-003   1.3509732030213351E-003   8.7770384881143213E-004   9.5126690748222617E-004   1.6673026772171008E-003   3.7491625162370135E-003   7.9602812017313829E-003   1.1759609460874669E-002   9.4503567596940629E-003   4.7335431512197839E-003   1.9942568505548950E-003   9.6706681380667758E-004   7.2628129789578829E-004   8.2803591986544561E-004   1.1152453799497892E-003   1.5265669022789046E-003   2.0246549650913079E-003   2.6754319099148906E-003   3.9618212547856716E-003   7.7657826857235194E-003   2.1253734284137828E-002   6.6794849177938986E-002  0.15448947697332890       0.15209019153236175        6.3518383210379087E-002   1.8629728939282029E-002   5.6418268860473292E-003   2.1091127118021743E-003   9.9440130258923536E-004   5.4345087347911977E-004   3.3423489217073783E-004   2.4655755426726593E-004   2.3506814417846388E-004   2.9223300677400012E-004   4.5985987343412414E-004   8.8712559461184566E-004   1.9339188106389836E-003   4.0278979854827873E-003   6.2886283284669829E-003   6.0011350025716116E-003   4.4259277849977002E-003   4.7734967324223037E-003   1.1511204083365242E-002   4.6953117401685326E-002  0.21488385091384285       0.51721294103025583       0.66169464415102253       0.69759597947777963       0.66848097022364261       0.58438639240956725       0.44468108778931281       0.24098503257056542        8.3478209878867310E-002   2.2003503471166565E-002   6.3172085548935716E-003   4.2553071233981214E-003   8.6665471702949467E-003   2.5667187774920105E-002   8.0774764418343137E-002  0.19795600582895201       0.23969401374458452       0.13880113610596498     
   1.6929428076014354E-002   4.7611937291074996E-003   1.4350490972098880E-003   5.6943914360947526E-004   3.8273824939079733E-004   4.8389911611414655E-004   9.4572253848405050E-004   2.0663151130002363E-003   3.8671407339222739E-003   4.8725303644668984E-003   3.6085455897350437E-003   1.8331806547872342E-003   8.0987691707923347E-004   4.0421416546705685E-004   2.9005879763109913E-004   2.9230965047800575E-004   3.3582250861143129E-004   3.9632430377459655E-004   5.0091422881000088E-004   7.8135146518957654E-004   1.7096833785951739E-003   5.0373148543541553E-003   1.7187580729523866E-002   5.7225304516093589E-002  0.13054865590405457       0.11764741143934815        4.3998377745527097E-002   1.2134700695312192E-002   3.3427316630940660E-003   1.0776891594386758E-003   4.4255174325214268E-004   2.3081100800253324E-004   1.4895202687526007E-004   1.2038160002841142E-004   1.2805515302990778E-004   1.9333952587255389E-004   4.2481491334669068E-004   1.2146435490143367E-003   3.7573221084553740E-003   1.0356772179749328E-002   1.9405579584410179E-002   1.8347217692354003E-002   1.0957528136245892E-002   8.4447428418339444E-003   1.7332796240621444E-002   6.8511328882527339E-002  0.27965552487807666       0.54290999862320855       0.63478532074224037       0.59967558673902399       0.43915261109246634       0.22107792641187593        9.6000219067917336E-002   4.1703842906459426E-002   1.5227838918160264E-002   5.3561322880819641E-003   3.6246694079609975E-003   7.1713844038680903E-003   1.9568192369523611E-002   5.0317731361833970E-002  0.10715546150229929       0.15126005704896589       0.11955292335527039        5.4051988700823402E-002
   5.5707542202268418E-003   1.8791142930604159E-003   7.3161085373544220E-004   4.2463508196298065E-004   3.8786866721814985E-004   4.7256045867122027E-004   7.2696933438584871E-004   1.2564768212516464E-003   1.9275107218378791E-003   2.0794732154612297E-003   1.4459821511361929E-003   7.4036085807374272E-004   3.3813424386736139E-004   1.7251771674060449E-004   1.2137310881788969E-004   1.1707183929415653E-004   1.3367122808681360E-004   1.7978247700101239E-004   3.3322575462449531E-004   8.9524734069861825E-004   2.9792116892257462E-003   1.0450040186604746E-002   3.4420053292744737E-002   9.5481140329353106E-002  0.16406116787854363       0.11987823419170909        4.0740997287796794E-002   1.1149482128806648E-002   3.1792968746722043E-003   1.0705986438754856E-003   4.4924483483356351E-004   2.3902976190677227E-004   1.6305379733783158E-004   1.4252178430172383E-004   1.6425279519754671E-004   2.7739454193206485E-004   7.1590866453658864E-004   2.4383257852799035E-003   9.0222522746880151E-003   3.0105084217923333E-002   6.5489401930798996E-002   6.2169675834018230E-002   3.3478488746773977E-002   2.3359659116620662E-002   4.4598206341667973E-002  0.15609509158947701       0.42885683059829288       0.60381588952264753       0.62290993442807419       0.48954670309595805       0.19856379820214759        5.5757408494022970E-002   1.8092757497460914E-002   7.1664171769401964E-003   3.1998967052263402E-003   2.4798226835816648E-003   5.1371805854620043E-003   1.5232718178271907E-002   4.1272208303411460E-002   7.9098358282927883E-002   9.2169042407201182E-002   6.8602006895577286E-002   3.7218934064331972E-002   1.5793950987035392E-002
   1.6850469112143118E-003   7.8801732663068974E-004   6.0093182751206828E-004   7.7102913214151952E-004   1.0198465616214733E-003   1.0921264258744530E-003   1.0286482071019589E-003   1.0113408684181919E-003   1.0508721926339489E-003   9.3091851842561307E-004   6.1413712819064241E-004   3.2353297923216206E-004   1.5864099010831000E-004   8.8675888323634975E-005   6.7790478780080970E-005   7.1431856475911556E-005   9.8865467103395239E-005   1.9448691115902858E-004   5.6491092735447745E-004   2.1061480047373416E-003   8.6234337221862516E-003   3.4446783469066329E-002  0.11162681174707081       0.23903057576141401       0.28802071831194043       0.18357795358619686        6.2008922940811381E-002   1.8094908649524618E-002   5.8925343664596305E-003   2.2607507477106423E-003   9.9255504777804432E-004   5.0465832545197305E-004   3.1784860366733679E-004   2.6031191073468574E-004   2.8714514055811966E-004   4.7408083458142728E-004   1.2384354302128902E-003   4.4266338982255418E-003   1.7780126071718826E-002   6.6242910156624812E-002  0.15119860081793804       0.14349834031910316        7.6573369834068095E-002   5.5569213172958230E-002  0.10911564869977165       0.32157926793428465       0.56399772778546409       0.66277980332116782       0.64191449812155232       0.46658923514160422       0.14059661485694822        2.8501007961393644E-002   6.7828576488378513E-003   2.4498003980387316E-003   1.8151920982962240E-003   3.2755612184559545E-003   9.1212006277329970E-003   2.5810550004297092E-002   5.5336593570015150E-002   6.4901405590621672E-002   4.2914804012341108E-002   2.1578027681130183E-002   9.7629223188157883E-003   4.1294608449922660E-003
   5.9148479545662123E-004   6.2980615230723129E-004   1.3312702794331334E-003   3.0984321618182189E-003   5.1582189802737103E-003   5.4521273220783737E-003   3.9803749446084506E-003   2.2627611704892740E-003   1.1878289514811284E-003   6.4712366393084595E-004   3.5054583937424167E-004   1.8387770418295640E-004   1.0284137795426822E-004   7.2572089346168941E-005   6.8319462302730326E-005   7.8966460917603159E-005   1.1856729756551299E-004   2.7895383081310031E-004   9.9820377416878661E-004   4.4682639076048395E-003   2.1777010017055225E-002  0.10156913739068905       0.30058626557435647       0.44060931192810926       0.43530675725904677       0.29451166951261620       0.12022573491823958        4.1316447376082532E-002   1.5805785032276077E-002   6.6453381728017874E-003   2.8718358736054325E-003   1.3163153248261844E-003   7.1457312589632541E-004   5.0908170297681769E-004   5.0104772206491861E-004   7.3749125712954959E-004   1.7229479251368888E-003   5.6475294930658842E-003   2.1125258257298499E-002   7.2706326282554495E-002  0.14828787775369978       0.13718818864306415        8.1306983732466989E-002   7.3062510927177429E-002  0.16434569225760920       0.42870271404106253       0.62993441018832008       0.70140435874160900       0.68230820928676639       0.53916492518256554       0.21431196191325674        4.7114127802511271E-002   1.1725350015897657E-002   4.7790417986787225E-003   4.2883106448732226E-003   7.4117066191901641E-003   1.6380435103364642E-002   3.3185828809101856E-002   4.3592792711730534E-002   3.1033811153463601E-002   1.4922248861728897E-002   6.1707406856473766E-003   2.5181075886460415E-003   1.0910701864129116E-003
   4.4897452716361228E-004   1.3354863624192275E-003   4.9293671211949556E-003   1.6067901456183781E-002   3.2448890938122713E-002   3.5698965692042298E-002   2.4039295308693490E-002   1.1067513015423056E-002   3.9019004226741798E-003   1.2532912011576974E-003   4.3631095208193030E-004   1.9189443347045383E-004   1.2665583279264356E-004   1.2782169469503871E-004   1.4938737166038095E-004   1.6270984671528098E-004   1.8623615719128082E-004   3.5508167261872215E-004   1.2690967830709416E-003   6.1222899773777425E-003   3.2665195666314109E-002  0.16445245432241043       0.41501119800802394       0.52036927146782663       0.48731400258594493       0.35582178124456976       0.19217521117829012        9.0243793326199168E-002   4.3300104583841682E-002   1.9990161700729241E-002   8.4017658340565394E-003   3.4528228766310602E-003   1.5962071908779743E-003   9.5790936215697157E-004   8.0389277263541383E-004   9.7737953719298216E-004   1.7911714042509257E-003   4.5848496561680212E-003   1.3408901937992294E-002   3.5377660588773688E-002   5.9581548015517086E-002   5.4904122517164013E-002   3.9907235245869317E-002   5.0282899090744876E-002  0.14415939618210347       0.42518613065612632       0.63594838675459320       0.71378021771594491       0.71494996237422670       0.63485658180127114       0.40955625117329708       0.13781736567460129        4.3987002385071063E-002   2.0591321941058796E-002   1.7261486615486564E-002   2.2834075978919257E-002   3.3505845304424804E-002   3.8028494332420039E-002   2.6706417596746378E-002   1.2800503759368880E-002   5.0080359175559289E-003   1.8359193524051767E-003   7.1147925557540448E-004   3.6658058652768826E-004
   7.4209108823630830E-004   3.5235643134050032E-003   1.7713586567845281E-002   7.9477627148064084E-002  0.19575787649193921       0.22666711410414284       0.14865040667765692        6.3159177524366658E-002   1.8264114267593692E-002   4.4246026956045754E-003   1.1181984656966311E-003   4.1231629698118549E-004   3.4238925817133361E-004   4.8004611034459005E-004   6.4534362945457520E-004   6.5320549496002947E-004   5.1581220028291768E-004   4.9790239702648877E-004   1.1686693793247825E-003   5.1068561109412812E-003   2.6313524853792233E-002  0.12955168651619275       0.35338141074541479       0.45186560623483507       0.40724130437493733       0.29086302090193822       0.18829565767825734       0.13277516190387839        9.4825397735040132E-002   5.3996940123132074E-002   2.3503547188922183E-002   9.0680514878037650E-003   3.6932786581758636E-003   1.8634496231924999E-003   1.2830232759277963E-003   1.2098502457249815E-003   1.5662619188860855E-003   2.7632554585099323E-003   5.7880820324116011E-003   1.1420605935750288E-002   1.6376984351291552E-002   1.6094515011968201E-002   1.5585926665502405E-002   2.8162405408515168E-002   9.8149083215921085E-002  0.35172866853893414       0.59208929400539878       0.68944370817930645       0.71101749452126428       0.68011533969875793       0.57478362214010725       0.37184268833295270       0.17903340505591273        9.6226676552461643E-002   7.6773547007713355E-002   8.1372216407015488E-002   7.7734878541485156E-002   4.5608635109034470E-002   1.7820183763509998E-002   5.9915850458162820E-003   1.9304498954728865E-003   6.4343357230018175E-004   2.6312772930510496E-004   2.4323571504573319E-004
   1.1550897972760631E-003   6.6125087653989270E-003   4.0763496642612584E-002  0.23015026417819989       0.50183266613187993       0.58034573282781499       0.50981555077410767       0.29580990652686340        8.2288509867338877E-002   1.6784220317507235E-002   3.6476736991818658E-003   1.4001296434826202E-003   1.5726087673416812E-003   2.7145252359827145E-003   3.9729313851206184E-003   3.9262425196651980E-003   2.5999781596289439E-003   1.4554104055252387E-003   1.2902668724507553E-003   3.3242255052880715E-003   1.3951136144526187E-002   5.9204904886585114E-002  0.17493155944280292       0.25245232600140854       0.22068555414660282       0.15595446030315424       0.12930531014945512       0.14720510494495748       0.16962118100327650       0.13626436237442868        6.9896963590062547E-002   2.7769985122153916E-002   1.0764978950763971E-002   4.7594229754204078E-003   2.6419476037351716E-003   1.8352390224707501E-003   1.5506418166250074E-003   1.6820689834678591E-003   2.3550628630688527E-003   3.5653299589009130E-003   4.7366627680093254E-003   5.5918917692333999E-003   8.1054548899373753E-003   1.9362043603204111E-002   6.8581158428993608E-002  0.24978667479608835       0.47902891551980598       0.58900481773906044       0.62497101254771492       0.62488098776826806       0.59208586422997267       0.51361858032856933       0.40047968918112975       0.30449174422338676       0.25765464216875322       0.23115450174910585       0.15901039232858222        5.8739511113195635E-002   1.5487527542025949E-002   3.8865963145946042E-003   1.0305664872918801E-003   3.1792924341321287E-004   1.5778230367194775E-004   2.6500135659913364E-004
   1.1358444077546369E-003   6.6315526699580584E-003   4.2762844374078852E-002  0.25706742596427801       0.58553853600984596       0.70545365165333340       0.69777499019947753       0.56909391205141757       0.26631768170888076        5.5904492035968166E-002   1.2413930541807956E-002   6.1409455814920655E-003   9.1045621585166079E-003   1.7770465867688115E-002   2.7791498442081827E-002   2.7235122988513535E-002   1.6526107720817026E-002   7.6585234289093789E-003   3.6331126135039325E-003   3.2661588404052791E-003   7.4948907801141345E-003   2.3490461412879544E-002   6.0874466410222594E-002   9.6201586794818647E-002  0.10110073120761096        9.9613929289722250E-002  0.13046831436443670       0.21934665471219850       0.32522451006408271       0.33856567861721965       0.23351879108159798       0.10809837226447087        4.3455487258486823E-002   1.7932327216479933E-002   8.3791782127965730E-003   4.4000057038522207E-003   2.4698457628111008E-003   1.5564570511724621E-003   1.2998088988993733E-003   1.5134100299014394E-003   2.1781900523900055E-003   3.7796463150995712E-003   8.0626161051888662E-003   1.9841636317369311E-002   5.3673888582473392E-002  0.14163206659516550       0.25555508240499847       0.32248616741671465       0.35320580338624119       0.37768907715101246       0.40293920481114975       0.41452445292150764       0.40079596403524209       0.37636795853885768       0.36413590381693173       0.34148659702647322       0.23391761706121911        7.7916440726956415E-002   1.7703818904030146E-002   3.8508336334185859E-003   9.0713943149841280E-004   2.6777443706603715E-004   1.4556307610132988E-004   2.6187596902215392E-004
   7.2527523750646366E-004   3.7880592396244256E-003   2.2986927631189012E-002  0.13754480293103949       0.49023707572505232       0.69979697856079393       0.74899772621110816       0.69454739812073474       0.49083544010368674       0.15793398939434347        4.4892425665423924E-002   3.1624062528089150E-002   5.6381816304202276E-002  0.11500615299236643       0.18533837311488127       0.18094747602579836       0.10604842025023094        4.6651084129272505E-002   1.8431194554731089E-002   9.3053155717739561E-003   8.8439213694390499E-003   1.5795539287447379E-002   3.3835200756690054E-002   6.4449266553618115E-002  0.10711019871614101       0.17014514847036730       0.28108680605855568       0.43762049091721350       0.55635351627251495       0.59052557479969292       0.53424522709046796       0.38441121810686935       0.19532065361682460        8.2575587259224467E-002   3.4929452457563119E-002   1.4990073330052568E-002   6.3273142934239662E-003   2.7114427728689829E-003   1.4271222160448667E-003   1.2990290506592114E-003   2.2204255093955629E-003   5.2445740060311505E-003   1.2883960599384795E-002   2.7323902350635958E-002   4.5814051885319056E-002   6.1780018897666503E-002   6.7781497719654735E-002   6.5925086197335100E-002   6.5618733817665101E-002   7.3547367361797622E-002   9.5088396004101128E-002  0.13232867290372519       0.17481422798359370       0.21589806408795889       0.26902606531032247       0.31590724415299865       0.26550920751154500       0.10681255188725296        2.5038799742353339E-002   5.4237752466271497E-003   1.2654740552256044E-003   3.7260026460778789E-004   1.8259861869422090E-004   2.2281559423103077E-004
   4.0999093101437047E-004   1.6174098504924380E-003   8.8589364648843372E-003   5.2642223695701609E-002  0.27455743696435181       0.61501667329286003       0.73802109258951643       0.73479233377371000       0.62371930040252221       0.36770918118920143       0.16800476419954530       0.16220434533362330       0.30106286896744189       0.48558618549345306       0.58393054152815072       0.57927171400753463       0.46554838432737577       0.25475652221153106       0.10128969397351822        4.5143439853731246E-002   2.9160679151911596E-002   3.3030331022750430E-002   5.9849614794944175E-002  0.13230269716050924       0.27139118592726075       0.43346121675808613       0.56488927784869425       0.65963956158251458       0.71601184790151462       0.73412487017090478       0.71320542899879402       0.64405288486489565       0.51109304363187935       0.31807876014491321       0.14457903146101306        5.5171004054409549E-002   1.9232853927865570E-002   6.6279365291379011E-003   2.7166594113915126E-003   2.0433503165380351E-003   3.5527626744538258E-003   8.9152362791097110E-003   2.1292375694072052E-002   3.6301176355668478E-002   3.7279812530617858E-002   2.6743279471662378E-002   1.7638151307697993E-002   1.2700482799722225E-002   1.1078526532683621E-002   1.2360103248467725E-002   1.7116528493102721E-002   2.6075748313878259E-002   3.8991037479803786E-002   5.9434714545134777E-002  0.10446347637484672       0.19134729857390731       0.23812982373992220       0.13769201380039076        3.7624953798511392E-002   8.7217901387420197E-003   2.1286545483527358E-003   6.4873177816698175E-004   2.9488148353670567E-004   2.3018258428015778E-004
   3.7021030869046311E-004   8.0997931568582888E-004   3.5282939731974094E-003   2.0169856920985912E-002  0.11923153532362306       0.49033164052662942       0.69635113036432295       0.73234741704247086       0.67257755880635983       0.52811611242657208       0.39827906653151907       0.44003486397356334       0.58344932864472165       0.69527781348399209       0.74698656942490116       0.74870251990839221       0.69980761719570861       0.58438670372118817       0.39953996706262551       0.21912337417060951       0.13571520031580814       0.13215673678975040       0.20619115520992962       0.37641414061734735       0.55439160286857614       0.66826508373572702       0.73448013320140559       0.77416897712830979       0.79572799630580238       0.80103869037242792       0.78854386965997680       0.75237687695272015       0.68024117657063476       0.55230044277010848       0.35797455280027729       0.16003663076863942        5.3142895779928687E-002   1.6582636530666772E-002   6.1089158577802075E-003   3.9598940667338461E-003   5.8980920787776092E-003   1.2968175664922241E-002   2.5829488453449255E-002   3.2314692654845441E-002   2.2929671437871141E-002   1.1716998691031153E-002   5.6242010984828752E-003   3.1108199755663312E-003   2.3297259510453071E-003   2.5084609316926246E-003   3.5256594230523249E-003   5.4996000304300000E-003   8.7156418165417245E-003   1.5123930980508585E-002   3.2809222391328281E-002   8.1606191754757293E-002  0.15496176597391528       0.13137616651240402        4.6267357723050191E-002   1.2107905311759171E-002   3.2231394950498989E-003   1.0704359219615024E-003   5.1466125756506067E-004   3.5538511977020179E-004
   7.7131650995882818E-004   1.1271873763812428E-003   2.9090037767407970E-003   1.3220084000300990E-002   7.7495408841995531E-002  0.40287005168003842       0.65457037451091060       0.70888634512405424       0.65974614125010500       0.54408837017429290       0.46198958247705668       0.52548305522373195       0.65004868682552086       0.73761443095686763       0.78091027753451658       0.79198880656412196       0.77537247413866894       0.72727678937477425       0.64200209125727459       0.53118013518276608       0.44482792735155763       0.43832125117293963       0.51904530373853175       0.63383190527136146       0.72425325452748557       0.77913892260783457       0.80987657352746312       0.82628598378055007       0.83297594096636751       0.83083618019542815       0.81794462040446669       0.78924161980961494       0.73518135001188312       0.63988415453021152       0.48471421666978393       0.27969786532822322       0.11036589536204176        3.5839479036720474E-002   1.3062308511613595E-002   7.5680819369373376E-003   8.7154645345857013E-003   1.4175866626775151E-002   2.0010852544314860E-002   1.7945463715856157E-002   1.0432950280028065E-002   4.8081511150391571E-003   2.1518186503804498E-003   1.1528361958692388E-003   8.9328166217150643E-004   9.8154627598368537E-004   1.2621425668887410E-003   1.7105834317827169E-003   2.5183874939892705E-003   4.5505738253816307E-003   1.0923731579707188E-002   2.9993322494689858E-002   6.7149956592059218E-002   7.3726604115881736E-002   3.4327358282848060E-002   1.1008364504917731E-002   3.4824913081128485E-003   1.3959768197335852E-003   8.3696619684001030E-004   7.1360592200327101E-004
   2.6066905992061700E-003   4.2207152821309539E-003   8.3437041503044620E-003   2.5024471709795784E-002  0.10774472098400116       0.42802137974569937       0.64537645398916987       0.67831197956992684       0.59415375418030891       0.42428810070965123       0.31953267971332366       0.38580105921239405       0.54183148249941404       0.66670213484677032       0.73874528235979231       0.77352548098628493       0.78136040776762183       0.76636637417077147       0.73157658900274680       0.68655561769659701       0.65440399781249148       0.66000645538720482       0.70279016400187388       0.75681166195420491       0.80024215225098683       0.82806357123232188       0.84324999951052637       0.84950658877485663       0.84906581331997610       0.84217851471764582       0.82670680715142209       0.79740969884665780       0.74484259681509157       0.65489301590271531       0.51518992589185919       0.33559357751918817       0.16199033349206499        5.9671431731139292E-002   2.2593827923051316E-002   1.2087437304993714E-002   1.0717650961570060E-002   1.2103259458479707E-002   1.1681447428791746E-002   8.0211845053729386E-003   4.1831649676524882E-003   1.9418726989965638E-003   9.8836928376592244E-004   7.1842297789810247E-004   8.0310478611904758E-004   1.0498259217124211E-003   1.2148311647693514E-003   1.1864982890279453E-003   1.2304620184238157E-003   1.8405131796001600E-003   4.1330157540764101E-003   1.0624787292304899E-002   2.2439392061482107E-002   2.6188286980429899E-002   1.5111122284836026E-002   6.1539805001788444E-003   2.5040746468071185E-003   1.3965576312127866E-003   1.2861505856385802E-003   1.7050536735538626E-003
   1.0344705926029639E-002   2.0748669548735055E-002   4.1036704846745022E-002   9.6740032208574744E-002  0.27598624841602298       0.55297654535762619       0.66787931888783358       0.64084853944789300       0.46893557338102126       0.20991718995437558       0.10475843080603373       0.11893537717265047       0.22939519791209206       0.41231990674843949       0.56771945628615295       0.67172087190679897       0.73034782171978130       0.75357069590869608       0.75299727953084417       0.74298652478444283       0.73932383917620859       0.75225893719891912       0.77928894106528290       0.80946143970506790       0.83397216056498014       0.84987054517710758       0.85762964515133822       0.85868355428729259       0.85416837257444855       0.84408507829612012       0.82639164610621485       0.79593515911224899       0.74329114359933557       0.65451891212436719       0.51747405106384170       0.34078260359569512       0.16923706494124224        6.5284042519251045E-002   2.5386366149997147E-002   1.3035553342454737E-002   9.8424524940364088E-003   8.7285215851483355E-003   6.6152132991414087E-003   3.8731508823625352E-003   1.9154414054724186E-003   9.4761644309077487E-004   6.2481504483176951E-004   7.1348730560441271E-004   1.1656105265906774E-003   1.8545768945472320E-003   2.1781795757874656E-003   1.7309399784526439E-003   1.2007348768657104E-003   1.1542422159138896E-003   1.9479626659655803E-003   4.1231024575808569E-003   7.4106710762110225E-003   8.2399175873724036E-003   5.3472018499713383E-003   2.6524453860975908E-003   1.4411760014669214E-003   1.3028063890454457E-003   2.1484527927564550E-003   4.6731343106561282E-003
   3.9066615319367518E-002   9.7829021050457543E-002  0.20092202378169388       0.36370739127647483       0.54397756403860187       0.66223450157798980       0.68137113535887750       0.58081468048949159       0.30156972229645052        7.9117108214427787E-002   2.7057078121510030E-002   2.3270312604652121E-002   4.1027358766776059E-002   8.5740259218096443E-002  0.19003000261957320       0.38462364252547049       0.56601274383243994       0.68061294562739960       0.73557028625412346       0.75870254362306899       0.77356141751133434       0.79114028541113690       0.81210418171428267       0.83245490195897487       0.84850055449413253       0.85853415752763096       0.86234013533924592       0.86043847111560845       0.85350646044257172       0.84167984593571676       0.82352960799659758       0.79480865550505764       0.74703749048824386       0.66532598897644402       0.52569669426210719       0.31427750392710085       0.12588142254705142        4.3132463676732756E-002   1.6482996221533520E-002   8.5603440584575332E-003   6.4564872095346599E-003   5.7078000844859580E-003   4.4697674012095234E-003   2.8256507505467613E-003   1.5168528479754654E-003   8.0751026669423570E-004   6.1927326172409817E-004   9.2306862392265202E-004   1.9187393927604438E-003   3.6384497226618021E-003   4.6384124490032146E-003   3.4065186071638737E-003   1.8687487712388436E-003   1.1925950060879659E-003   1.3228770395543440E-003   2.0705699643522721E-003   2.9381156790625551E-003   2.8769674850862782E-003   1.9247708231709948E-003   1.1171761441949701E-003   8.7637325537117967E-004   1.4341971952700403E-003   3.9619955059473988E-003   1.2718328535874381E-002
   9.9525853670114101E-002  0.26463193790835854       0.43631491674379469       0.56511229093009108       0.65160913417104982       0.68737487542580289       0.64976932849105529       0.47443109390244687       0.15404688828568602        3.1507856377560955E-002   8.0818729476385860E-003   4.7159165885527375E-003   6.7550038164966089E-003   1.3766878724587147E-002   3.2687581507717778E-002   8.4568774710455444E-002  0.23415640678124236       0.49306480685616855       0.66943869332488626       0.74862700192863796       0.78500432951780197       0.80767222019241347       0.82597676303313183       0.84128851250142700       0.85279716400192462       0.85959806008258000       0.86121501663153710       0.85772011711781926       0.84966556831330220       0.83760124147732629       0.82099340104105278       0.79663361341977157       0.75625510890277126       0.68016929562312667       0.52163969383935904       0.24652365650264565        6.9624030577794066E-002   2.0121499289021513E-002   7.3888580013652845E-003   4.0443766720057181E-003   3.5081656090030925E-003   3.9274717699865685E-003   4.3018164909544030E-003   3.8250097467515992E-003   2.4979100038416955E-003   1.3375138476548125E-003   9.0270800663123550E-004   1.3176733801478564E-003   3.1015580954973769E-003   6.8376739561879169E-003   9.7181122804140280E-003   6.9473920171303685E-003   3.3632598507209715E-003   1.6973763506788484E-003   1.3457927562070815E-003   1.5418740824179207E-003   1.6726347649919380E-003   1.3697509998782760E-003   8.8843169840129032E-004   6.0585622651717133E-004   7.3306199389353748E-004   1.8469870260312811E-003   6.6105548837802237E-003   2.6249168876936187E-002
  0.11924763489789574       0.29396730328806719       0.45125290887035402       0.55279341763219747       0.60929306917928239       0.61510285458866543       0.53353090147370830       0.29817229015331054        6.9212765178325128E-002   1.3378204567942073E-002   3.0062859847205772E-003   1.1935300548981190E-003   1.2226516321850575E-003   2.2689378350166478E-003   5.5044518146078539E-003   1.6169558567891918E-002   5.7520037775027504E-002  0.21484753442901264       0.52716213043924331       0.70709621534470635       0.77899305521478435       0.81073806975106022       0.82882030581485577       0.84132915731003066       0.85011837384188282       0.85502546971216109       0.85546598330219192       0.85127088653643901       0.84305717418843129       0.83187999524893796       0.81787885686701534       0.79790999825947884       0.76132608514132827       0.67777326475446142       0.47110856167800658       0.15042778218936867        3.2931609167133578E-002   8.2217363231673196E-003   2.8616846547818917E-003   1.7155082408921326E-003   1.9576848884747498E-003   3.2706527064685024E-003   5.6010749498192234E-003   7.2664567463853157E-003   5.6300413199609402E-003   2.9218893529288506E-003   1.5883825075044926E-003   1.8724800692976040E-003   4.4973574069940890E-003   1.1067382612369449E-002   1.7622474248901846E-002   1.2761460476189427E-002   5.8594912410136514E-003   2.7157382837235421E-003   1.8580192756282859E-003   1.7477091538003087E-003   1.5399021092923606E-003   1.0859329585615380E-003   6.9608464719178272E-004   5.7719692150325237E-004   9.0500705714631664E-004   2.4291614062747734E-003   8.4564854895376202E-003   3.2566748923283317E-002
   7.4369975985491429E-002  0.16458727547387603       0.26819552357312315       0.35426010791712864       0.40364954662220032       0.39297097813394155       0.28679814808267456       0.11524470192363021        2.7265856610916857E-002   5.9199647142099366E-003   1.4208063542076742E-003   4.6669002349866169E-004   3.0222259238847800E-004   4.4021524980667869E-004   1.0700207349789868E-003   3.5323649788330000E-003   1.4675455896099008E-002   6.9991150936957860E-002  0.30855974569626615       0.61546066290917012       0.74922857531929921       0.79974410959808562       0.82168385114118947       0.83365860918136803       0.84115164480293314       0.84503860718612978       0.84479274062724474       0.84016111374796465       0.83199368534609475       0.82190829232616203       0.81028348860861565       0.79254407423107276       0.75221117917100266       0.64085066338483043       0.35547885125570322        7.6463716410427623E-002   1.4536476921153391E-002   3.2901552537086529E-003   1.1014572821064566E-003   7.6560326687276521E-004   1.2294160447881323E-003   2.9537963974072944E-003   7.0713940458785422E-003   1.2434515975241443E-002   1.1333793459734424E-002   5.8105709327709951E-003   2.7013743886133692E-003   2.4447102096237378E-003   5.4598169336753368E-003   1.4201228506517748E-002   2.5129669117235506E-002   1.9823543800432896E-002   9.6079236934223794E-003   4.8171628967682879E-003   3.4898495930269849E-003   3.1647846954134104E-003   2.5461157600599952E-003   1.6955546429493313E-003   1.1411266684532826E-003   1.0652114411153408E-003   1.6013921513720350E-003   3.4097593780459787E-003   8.9652701588591906E-003   2.6260257970786301E-002
   3.6978970291021873E-002   6.4765962840371602E-002   9.7829625042461996E-002  0.12565755140073295       0.13615802181701450       0.12136531352810716        8.1003866509544581E-002   3.5501988774614197E-002   1.1475042643380574E-002   3.6303297756536271E-003   1.2600462142546662E-003   4.8763429075533997E-004   2.2316297570011221E-004   1.6388989244000548E-004   2.8728330109954330E-004   9.6358949737368612E-004   4.3546314987746816E-003   2.2725703186520244E-002  0.12066651405627318       0.44263954280907547       0.67457292202518371       0.76568959885456533       0.80098434531551810       0.81693375167076621       0.82539375812069593       0.82919038453304961       0.82820434088732098       0.82232010062195826       0.81293558050262282       0.80266598243790377       0.79208170230515962       0.77352502496526609       0.72014264963592922       0.55726767239959429       0.20237073633920177        3.6195728586531001E-002   6.4050963106843566E-003   1.3732413709495843E-003   4.5949237955972223E-004   3.7497247583760901E-004   7.5984761056303374E-004   2.1881533803528273E-003   6.1473608708913418E-003   1.3015693451466633E-002   1.4384911062278224E-002   7.9173382131410980E-003   3.5688742520935718E-003   2.7308107130005637E-003   5.5067530686360392E-003   1.4672462405249944E-002   2.9282223986416566E-002   2.8578595307867539E-002   1.7371369625882725E-002   1.1313422474575546E-002   1.0002769584507692E-002   9.6579098292149772E-003   7.6777604965929070E-003   5.0311704478963725E-003   3.4193698948042700E-003   3.1012688810890844E-003   3.9162077181424462E-003   6.0122312956190109E-003   1.0315137694231048E-002   1.9314347911877888E-002
   2.7281754531344973E-002   4.0734339450237404E-002   5.6715590320483400E-002   6.4775355814844809E-002   5.9537200975642635E-002   4.7371449258699246E-002   3.3789037306831832E-002   2.1296195967779947E-002   1.2544034935213565E-002   7.1095193189868386E-003   3.6538741535043035E-003   1.6724924098707691E-003   7.1173705585407152E-004   3.1347000869766248E-004   2.0318178778987777E-004   3.6804351135903034E-004   1.4667014722580484E-003   7.4879098285616620E-003   4.0704287835560141E-002  0.19996055835493926       0.50910022617260009       0.68454469528864925       0.75732759600193666       0.78825888800931532       0.80253811027141064       0.80782290520423550       0.80544640292683323       0.79581812756848047       0.78140419256264815       0.76715613572546171       0.75506841336851060       0.73270351279436874       0.65700871637914859       0.42694718671446713        9.9177344390754540E-002   1.6859384812904062E-002   2.9808780522937602E-003   6.4434244473697045E-004   2.2435954305205952E-004   1.9489923687665447E-004   4.0968490092270938E-004   1.2042133308405273E-003   3.4565066091870314E-003   7.7034434131690293E-003   9.9284194777610538E-003   6.5212275850942058E-003   3.3199802361448469E-003   2.5683954723820803E-003   4.9791267153457787E-003   1.3937922609199278E-002   3.3391164025712336E-002   4.7058934614034362E-002   4.2499207733604244E-002   3.8697747862065160E-002   4.1427932255768761E-002   4.2544398388447251E-002   3.3696463777136289E-002   2.1207031928523464E-002   1.3452778761362529E-002   1.0867009268321692E-002   1.1398216803635865E-002   1.3281107696373022E-002   1.5654362279894252E-002   1.9507076675072232E-002
   3.9493606290732855E-002   6.2943641867877306E-002   9.2689184203388397E-002  0.10518677193303350        9.2241815205486008E-002   7.3246544322421350E-002   6.1817529361169229E-002   5.6266252348732219E-002   4.8776208182359490E-002   3.5155705528642778E-002   1.9772352975129148E-002   9.1701945272064690E-003   3.7482537107224991E-003   1.4744876680441784E-003   6.2420888714168944E-004   3.8030100833422317E-004   6.3995293014016980E-004   2.5029400233501915E-003   1.2243786987640365E-002   5.9913443551464100E-002  0.23757979524701300       0.51151469024974849       0.67432443363561057       0.74532114752244039       0.77496321750680841       0.78447475257643295       0.77973327768085110       0.76225267858653245       0.73570141031716640       0.70958292734710715       0.69133460428518967       0.66324341090350536       0.56168584812549416       0.28350472305267393        5.4204212501471068E-002   9.2825127876452161E-003   1.7527970883467654E-003   4.1858478678942544E-004   1.5403518082147017E-004   1.1740124753202952E-004   2.0959307526257891E-004   5.7318499960886478E-004   1.5995916619870973E-003   3.6202373291746473E-003   5.3166959292206880E-003   4.4381073399627508E-003   2.8306105703402727E-003   2.4599247835832882E-003   4.7741619266553547E-003   1.4454190589190960E-002   4.3550628115125306E-002   9.3941867133257959E-002  0.13004132130611637       0.15650573913320096       0.18930365560831083       0.20099567880214425       0.15909465819992619        9.4890861916166969E-002   5.3139389042588324E-002   3.5978776521506078E-002   3.0859390854590770E-002   2.8830377474693844E-002   2.7194319468701829E-002   2.8999854389884137E-002
   8.0007254625360236E-002  0.15231721185090050       0.24158011684080050       0.29156644342423405       0.28721696709578193       0.26238103128574375       0.25350171984053793       0.26338634152773294       0.25847718353655086       0.20351113494896869       0.11855505804892850        5.6143858316794797E-002   2.2311616026753325E-002   8.5074263737446015E-003   3.3474598982987727E-003   1.4566004863339173E-003   8.4230146394152132E-004   1.1569656880779317E-003   3.8721645790258858E-003   1.6696719378211645E-002   7.1616407915562674E-002  0.26075759504715990       0.54562047231869037       0.69355046145122468       0.75060846203730269       0.76733415091580559       0.76010481467262547       0.73228791645051716       0.68738475843547797       0.63998213014933159       0.60917573993904894       0.57674851617245837       0.46450322291885882       0.20055094753073680        4.0690442207056372E-002   8.0722515902773798E-003   1.8819580656048950E-003   5.5042171664555350E-004   2.0678749149012551E-004   1.1677337351109310E-004   1.4613368501989961E-004   3.5663721334877775E-004   1.0102110391501625E-003   2.5180176091521033E-003   4.6134137640074773E-003   5.2966154171161586E-003   4.3041693198524579E-003   3.8710264319334340E-003   6.4264099206761153E-003   1.8688295460020009E-002   6.4079334655045964E-002  0.17912498526615042       0.31004111105103788       0.40747984357861489       0.47333362580638449       0.48757867834798418       0.42302829613913545       0.28068713625033481       0.14337165919692152        7.6544567950131259E-002   5.1152573550003765E-002   4.0554434580085300E-002   3.7592361127583164E-002   4.6495778401767156E-002
  0.13760948809008147       0.29995469396591112       0.44924878339482921       0.52948750956200452       0.55923308693810181       0.56806544336668041       0.57893982315860215       0.59626473990738338       0.60317739566355200       0.57362499665497702       0.47997249819027554       0.30411570970644036       0.13052303771401866        5.2101748354406230E-002   2.0454536311935164E-002   8.5088735327127837E-003   3.6828997800700922E-003   1.8758885257216756E-003   2.0757099486518947E-003   6.1010233182860535E-003   2.5880181706212389E-002  0.11987699982868022       0.42897958313596690       0.65561052133079722       0.74038039071837125       0.76404118045752833       0.75629554763110751       0.72340310167474120       0.66803429276188819       0.60573905159194796       0.56408812307336165       0.53277030561732996       0.43860003330688579       0.21769911120251434        5.8149662324156061E-002   1.5315603051987287E-002   4.5979034245967696E-003   1.5279779762399737E-003   5.5117426045414358E-004   2.5255294462678474E-004   2.4611158381733527E-004   5.8454658275226509E-004   1.8642229106257706E-003   5.6137587706788167E-003   1.2906571096230585E-002   1.8031688721490878E-002   1.6057366823386897E-002   1.3363994496641806E-002   1.6119747599406622E-002   3.4070130828869997E-002  0.10019320775158580       0.26126073460364718       0.43259218020851758       0.54617457937685721       0.60637495365856720       0.60760015410398049       0.52428233263790247       0.33121150382901643       0.13797620987907308        5.6890639381944767E-002   3.1967849752522585E-002   2.5663101289313442E-002   3.0280976959668190E-002   5.5807824724155991E-002
  0.15231097612337655       0.38789102376645629       0.56554713454391503       0.65271002262467481       0.69421525805246398       0.71546194622648640       0.72945509178894685       0.74109927411119214       0.74744987562837228       0.74029987888699755       0.70750329215924246       0.63051437996868143       0.48825790090232185       0.28431235570328939       0.12389872694660750        5.3885415583927093E-002   2.1548525984134391E-002   8.0278953631543106E-003   3.6459357080277839E-003   4.5443696644077254E-003   1.6507090974318184E-002   8.5379613990888406E-002  0.39056713905215917       0.65090649991723393       0.74619506850722139       0.77243493935322116       0.76679365199486360       0.73885079314425894       0.69286393555928794       0.64168728266863884       0.60640103252022681       0.58303997185597323       0.52411360146320518       0.36485861442569867       0.15596043631369572        5.4698649266125311E-002   1.8761563854337474E-002   6.2856324249797729E-003   2.1357935682508752E-003   9.2040986465205033E-004   8.7552454778331136E-004   2.1285291867074330E-003   7.3711499614457880E-003   2.5143532530243973E-002   6.4951287754105858E-002   9.6202954605588364E-002   8.8193669479397496E-002   7.0639216163278756E-002   6.8030774075264269E-002   9.2706009642376658E-002  0.16643634161754656       0.29261096386510937       0.42617440457995742       0.53747655416315410       0.60074302942681657       0.58436416861113849       0.44112081173023315       0.18888854555712126        5.5760172322036096E-002   1.9705499562275627E-002   1.0656681128995090E-002   9.6873515288410181E-003   1.5816894685688396E-002   4.3734147930515020E-002
  0.11398073198718416       0.37827130055645730       0.59651129438431016       0.69797504518222675       0.74618549053909988       0.77108268797604929       0.78454392645649096       0.79233645963911181       0.79645264593437703       0.79570882234173845       0.78649526371835110       0.76271074573390218       0.71489727780606993       0.63002454241921269       0.49499338239454460       0.30074163234320495       0.12301616523615659        4.0062813063870058E-002   1.2458371393884364E-002   7.5298922336661479E-003   1.9227206773407283E-002   9.5902747587370482E-002  0.42246426847406288       0.67041320998059817       0.75877621214089785       0.78351413141463067       0.78115332739949461       0.76321605405133108       0.73588264331777309       0.70823941030734283       0.69020880510617966       0.67881921215706242       0.65319855346588407       0.58104030257568939       0.43218974072502048       0.23208709007877365        9.0782160704441284E-002   3.0265104191899390E-002   9.9492098290283344E-003   4.3746215159582236E-003   4.2922617689044621E-003   1.0145542077538362E-002   3.5310720853464719E-002  0.12533616309304471       0.31715328322632225       0.43079701554547550       0.41959693487901301       0.35763563082813127       0.30817408799085388       0.28046174735417062       0.25155761448938047       0.23587481835981439       0.27481220811713519       0.37180429772306028       0.45689504156129895       0.42668668036495094       0.23166328875690012        6.4628976771098814E-002   1.6646356616000144E-002   5.4336353054819488E-003   2.9095314045818653E-003   3.1466024741050118E-003   7.0792013255706904E-003   2.5983192249772091E-002
   6.8117912164676525E-002  0.29472698505845302       0.56760267725331837       0.69991181122373136       0.75931895399494898       0.78779278581170564       0.80098094934597208       0.80633461645738047       0.80814813451251721       0.80836994192338052       0.80697360223645631       0.80222037359380571       0.79046929758328621       0.76547374297509030       0.71613133145458485       0.61848365066997724       0.42890919614551337       0.16760489762487557        4.3874857582108455E-002   1.8278965879071938E-002   3.3238128958942272E-002  0.14416827698687912       0.49033768083667850       0.69714024310849065       0.77000888745931562       0.79143450241235458       0.79234012890116845       0.78409884084081383       0.77285116937544562       0.76368842578768559       0.75935762929560957       0.75692642913843866       0.74837866614413040       0.72295334901073960       0.66585682917054345       0.55430346548315301       0.35937244267978607       0.14433775878630342        5.0835483573000148E-002   2.4305246000678214E-002   2.4549493829614518E-002   5.3111107808902207E-002  0.16112683028441502       0.42496352832108669       0.61656125839998499       0.68172042749258865       0.67692698439030696       0.63858193478082226       0.57716148608683782       0.46327313270509030       0.26152751161307380       0.11776792874884164        8.7134358395272726E-002  0.11779730962499263       0.17906057800477113       0.17135865848357407        7.3540673860537142E-002   1.9603763993401996E-002   4.9224867180976319E-003   1.4982881661735191E-003   7.9055721285868955E-004   1.0635183097057921E-003   3.1712525975207528E-003   1.3771581028172041E-002
   3.6417841547425334E-002  0.17822820443783369       0.47770869821524226       0.66351557205214673       0.74604362911385891       0.78217619810385142       0.79601251360372571       0.79823266510622071       0.79541379018011382       0.79264382357381635       0.79319816227787510       0.79701882631161425       0.80049766432222114       0.79781572181245641       0.78094118538978929       0.73459876172038974       0.62148821826027900       0.37489570631806629       0.11396486849090165        4.5852502983255293E-002   7.2215962894399952E-002  0.25392143858511196       0.57090780023784715       0.72344633419713178       0.77827418918547286       0.79586986647313052       0.79955597119954547       0.79886214172140191       0.79834865031474267       0.79997015564397389       0.80327961138200121       0.80573657775228358       0.80395759765632380       0.79437247074730166       0.77179073158579703       0.72536654976486592       0.63114796076462576       0.45668571167049782       0.24376167289082112       0.13975431819372644       0.14390675131801939       0.26181379267197535       0.49014411705407135       0.66763962640067165       0.75125047254419086       0.77690847046620415       0.77133580785196099       0.74329473861435802       0.67841449975180756       0.51293363858457741       0.19375334549547091        4.9525325819169311E-002   2.2631686004109409E-002   2.6022629775198806E-002   4.1141939163446384E-002   4.4455231136275884E-002   2.1630007570014820E-002   6.6116279768235050E-003   1.7540245523479960E-003   5.0794489216581689E-004   2.5867133885246429E-004   4.2835899205350249E-004   1.5347291839502755E-003   7.1233021218798775E-003
   1.7499505707031186E-002   8.4240969254969919E-002  0.31190847496612323       0.56647178318594349       0.69788312443930900       0.75226277931635388       0.76775127318405045       0.76118119008225316       0.74304141252996125       0.72615809821817134       0.72275485599415290       0.73518776657695883       0.75470139153967764       0.76921709808757377       0.76833895885250270       0.73979280071045805       0.65663574537333691       0.46215541501478064       0.19079824576587692        9.8588666112228746E-002  0.16383232577675316       0.41660390465589014       0.64626490492807898       0.74674862911075768       0.78476484570387062       0.79860224559533022       0.80433736002035194       0.80878409966272136       0.81442119554383252       0.82127985340979159       0.82792796933337232       0.83238814947945750       0.83290801480937293       0.82803499786494550       0.81585551457838079       0.79259238239905005       0.75071672665356959       0.67981862263874970       0.58491118336864989       0.51742634354528083       0.52804904117736995       0.60918175501207772       0.70578086455240252       0.77157438656997290       0.80368603579192655       0.81291127748346048       0.80564589302946377       0.77879507146365023       0.70591953721912004       0.49912078196745813       0.12912276672710965        2.4330213207118787E-002   7.2091024467087900E-003   6.6470388492147481E-003   1.1139009975329567E-002   1.4639361092081572E-002   9.2698701188170737E-003   3.4772552633931496E-003   1.0310204429181350E-003   2.9745946719027933E-004   1.3691773191876571E-004   2.2724576731937356E-004   8.2156702120572537E-004   3.6461738850355951E-003
   7.4996342543695192E-003   3.1924001013661385E-002  0.12796791496325458       0.36522510121314222       0.57881001973532897       0.67526032745317033       0.69239322483127574       0.65602159407048566       0.58540380012939652       0.51972624397437472       0.49745810627285381       0.52602196963675263       0.58187866203823124       0.63344464317531901       0.65705152674172995       0.63671337861059896       0.55061387796378203       0.37256429916378930       0.18161180750676537       0.14235283368090976       0.28104711192411153       0.53921685178965340       0.69614370293538441       0.76259664577558295       0.78870349546977059       0.79977074987274044       0.80702179816041419       0.81463314700988976       0.82322226494530459       0.83187018181091343       0.83912475311380097       0.84354478308527137       0.84401198418173895       0.83970850962809396       0.82985160296940075       0.81352610474773634       0.78994151554378678       0.75966361904766933       0.72842656104461478       0.71118736350913636       0.72057663309853015       0.75108148934287489       0.78524354345414715       0.81058280950363015       0.82458426687808339       0.82805478851182135       0.82020720127570790       0.79329941866865150       0.71527268828619461       0.48544046099416932       0.10149587808248871        1.6396902562294598E-002   3.5969559532027743E-003   2.7561300605799355E-003   5.4497729267420671E-003   9.5570965338626426E-003   8.3601856318936945E-003   3.7281647890354246E-003   1.2073794625571158E-003   3.5470864450796910E-004   1.4036444042183735E-004   1.6765171539329994E-004   4.8804136043991873E-004   1.8306086624134616E-003
   2.9640745946215978E-003   1.0325563096972449E-002   3.7569439897008977E-002  0.12985903949120647       0.33519675368670770       0.49122580408367933       0.50359850800989903       0.39123666574074373       0.22579366557069994       0.12867034350260909       0.10207627216561271       0.11661745410682735       0.16994625689608567       0.25523809673549674       0.32058690405910417       0.31699064730954835       0.23838081249577220       0.13623306411640249        8.1337484959287790E-002  0.10671914851545253       0.28797780469123951       0.56241088804023487       0.70618602230847316       0.76318478541018087       0.78523496789502323       0.79621703590223192       0.80564881740619920       0.81567588175171191       0.82554076026132583       0.83403781774617181       0.84009802741320583       0.84274512388619305       0.84111265181264738       0.83447353154695281       0.82228361278511475       0.80466714146588514       0.78378516010484955       0.76511547356006804       0.75563906695269045       0.75909310587377388       0.77321013831281538       0.79192090890922329       0.80976940935897523       0.82383981172856446       0.83278597397320175       0.83521741213922873       0.82831632801243316       0.80329833966032194       0.72837384516076664       0.50322100855553697       0.10521272933775444        1.6213770712095017E-002   3.0959036523180118E-003   2.1679127919918971E-003   5.0884624001463017E-003   1.1187864312264319E-002   1.2333013571251234E-002   5.9735225687689245E-003   1.9958967433653454E-003   5.9214490420448696E-004   2.1326218304960030E-004   1.7039500147292754E-004   3.3105245422285960E-004   9.2493973500042982E-004
   1.1939322883805239E-003   3.2566364885206474E-003   1.0146544037148004E-002   3.3333468760126717E-002   9.7718627660921306E-002  0.18808259678678449       0.18504908556100211       0.10034557903143708        4.3800998612388613E-002   2.1502888281631955E-002   1.5528165266024884E-002   1.7343436715520136E-002   2.5260918563501801E-002   3.7740157173517370E-002   4.8395526887551506E-002   4.9690509208249072E-002   3.9738996862531288E-002   2.6628255366052959E-002   2.2524982479989832E-002   4.4869233339498063E-002  0.16413475179157275       0.45908385617184339       0.65513335268031925       0.73333293463497617       0.76375588164392705       0.78091624018070971       0.79606491880869790       0.80990936622037057       0.82093216020622106       0.82832678977406282       0.83175847347949550       0.83067501623793960       0.82412434240769938       0.81078969618068575       0.78906232964937795       0.75824209538208598       0.72300733562976516       0.69791224694829235       0.69848904723324146       0.72419882299654026       0.75913810758937816       0.78901061077454393       0.81045255692563756       0.82540277075529478       0.83511057910878883       0.83889491576778796       0.83412516761708255       0.81302747465632430       0.74846790175242728       0.55178754783732220       0.14129240789010630        2.1978431960602059E-002   3.9144786823250765E-003   2.2982155311255443E-003   5.4234422399834772E-003   1.3109240184678753E-002   1.6760318320980294E-002   8.8033944919632609E-003   3.0786354183556146E-003   9.5497416678533211E-004   3.4769423923218680E-004   2.2160374255819634E-004   2.7831894932052996E-004   5.1764305099491221E-004
