  0.21172366272963394       0.16636606873574325        9.3612883813386671E-002   4.9334402216096300E-002   3.3182961146116907E-002   2.7019798235198244E-002   2.3256484892351787E-002   2.0029447191247492E-002   1.8583727862175943E-002   2.8757323717842700E-002  0.10313861670273849       0.44663144495616675       0.87689175264828068       0.97884555177679933       0.99637434575625006       0.99526851512274972       0.97637902939163357       0.88040375534784521       0.51803238050827871       0.14016561718541043        4.7902353016864595E-002   3.2756857469989936E-002   3.1710534474217400E-002   3.2080589113090439E-002   3.1998331365697040E-002   3.1922029831412124E-002   3.4037343186024145E-002   4.8656931617174597E-002  0.12417950252494821       0.42264884848551071       0.80351588796190054       0.93718235060333532       0.96556523915303338       0.94988492475739539       0.85686641408664410       0.55560076167947947       0.16732988727036949        5.6119650089596011E-002   3.4021564747407515E-002   3.2450370064994412E-002   3.9142899092454615E-002   5.3592615462469642E-002   6.8914822623207750E-002   7.4599667685576548E-002   6.7037835017419972E-002   5.1470146862933636E-002   3.8900038766895351E-002   3.4006374673150451E-002   3.3377601720622832E-002   3.4140312208784829E-002   3.7066174344082721E-002   4.9027776726579431E-002   8.4761718859503982E-002  0.14339895137539219       0.17991761927638208       0.15848993903299277        9.8379374055046681E-002   4.9902164028915348E-002   2.8441706487644342E-002   2.5688514462972448E-002   3.9074260075362972E-002   7.6062901667540692E-002  0.13969007131469638       0.19854121448143552     
  0.71891339879107086       0.57506418462721032       0.28411805662767053        9.7773848438651584E-002   4.3496390078868401E-002   2.9448615071789370E-002   2.4528008906446016E-002   2.1616282991017546E-002   2.0671424795342241E-002   2.9685108794218720E-002   9.1823141071111128E-002  0.38302100946427053       0.86099333231620179       0.97932309361214698       0.99957988351973515       0.99998998641967773       0.99124786639694251       0.93419258881063139       0.67166657848414069       0.18950233929930119        5.6858176182162455E-002   3.3290146292202019E-002   3.0811278350010376E-002   3.1466429708138371E-002   3.1913552726230594E-002   3.2283502518951936E-002   3.5947463613716542E-002   5.9558066862049078E-002  0.18324604658485311       0.63329929896271764       0.92170253610877961       0.98983542738310903       0.99998998641967773       0.99619955116169667       0.95462470410234435       0.75808994547712982       0.25149216484042697        7.4454097747084280E-002   3.8293882997380360E-002   3.2364125831310021E-002   3.2546775372562550E-002   3.4374438288557498E-002   3.6213545897464908E-002   3.6691250339606102E-002   3.5596839183433510E-002   3.4428931314608585E-002   3.5846343143730822E-002   4.0696388877631648E-002   4.5860507047349730E-002   4.7206779515819870E-002   4.4123340886061888E-002   4.1043360945012798E-002   4.3462247945809523E-002   5.1071965649499729E-002   5.5137692216505788E-002   4.8862513747159740E-002   3.5991183969626236E-002   2.6185191748065020E-002   2.6040693006923476E-002   4.5973341719231731E-002  0.11532616279337699       0.27867499044450655       0.52632488073116090       0.69795900946102651     
  0.94798236595970864       0.87755575065899305       0.60666620175201080       0.18668921124994123        6.0764769721685263E-002   3.3217149570754632E-002   2.6331524716510672E-002   2.3599697877056118E-002   2.3081813665998901E-002   3.0950625227700129E-002   8.1734320582559084E-002  0.32240230465096026       0.82978817070705613       0.97363992598720661       0.99973241267178692       0.99998998641967773       0.99250061246123378       0.93688599747638135       0.68180465101738386       0.19561815806853047        5.9231700310123377E-002   3.5032536420028522E-002   3.3335751341258678E-002   3.5040960140519918E-002   3.5586545862666567E-002   3.4951978407425109E-002   3.7628578996864691E-002   6.1997445355552051E-002  0.19322071877147531       0.66179196102951798       0.93276860847913967       0.99311896473022521       0.99998998641967773       0.99998998641967773       0.96853620829106424       0.79807078059071701       0.27968578002161565        8.3339664892300283E-002   4.3876975561810340E-002   3.8306528317259857E-002   3.7397786112791362E-002   3.5321063676230856E-002   3.2514117284133309E-002   3.0712024224333733E-002   3.1119561284766291E-002   3.6284565231763252E-002   5.1919617773059430E-002   8.0044823916014848E-002  0.10622036797712457       0.11064221649917264        8.9174687681107909E-002   5.9649718837707366E-002   4.0688455247980898E-002   3.3188253100231754E-002   2.9547887790021307E-002   2.5738944149662525E-002   2.2196598090964866E-002   2.3603468660674587E-002   4.3940483841727183E-002  0.12774182942835222       0.36644343035650601       0.70539788626094968       0.88011815867308418       0.94326669632445959     
  0.99517409878872343       0.95612842314827118       0.76009972229376777       0.24867956500265509        7.3347879154762624E-002   3.6538307483304812E-002   2.8781491344788416E-002   2.6471841338694565E-002   2.6062384338248860E-002   3.1729525896286297E-002   6.7923280754218329E-002  0.24296598521270230       0.73104679425523633       0.93811677993181908       0.98580507733804046       0.99009982390055351       0.96953878369574886       0.87291172153818863       0.53288985909532482       0.15083134445260635        5.3546364505068451E-002   3.9749522453049989E-002   4.5637980050052963E-002   5.3821179659615116E-002   5.4638368204303366E-002   4.7670052208679266E-002   4.2277068202464643E-002   5.5408636021730628E-002  0.14594882320506283       0.50113327429882015       0.85305007694537816       0.95858892490891723       0.98048651191445113       0.97597651138477171       0.92400132817507541       0.70335387759038248       0.23500038777353671        8.1597264330893524E-002   5.9031560567475654E-002   6.5882740436307943E-002   6.8143655421770991E-002   5.7703813328448685E-002   4.2577283889134114E-002   3.3829527380962315E-002   3.5160043859257376E-002   5.5599676872977587E-002  0.12510605492306115       0.25415808145093793       0.36508996410260558       0.38079809290271677       0.28650662249412923       0.14978737597514541        6.3309233104758125E-002   3.3900494709868875E-002   2.4342369879456285E-002   2.0349875568465892E-002   2.0708729569795158E-002   3.5805894152539548E-002  0.10807923479403354       0.35084181257044006       0.73284349740838828       0.91796821420198860       0.97741977397834623       0.99547201307809519     
  0.99466527086820655       0.95067830381586627       0.74402584036842412       0.24012008998314399        7.2983710402218599E-002   4.0102602478542519E-002   3.5585417556665534E-002   3.5221373661433637E-002   3.4423825974994306E-002   3.5647860671010397E-002   5.3104717706964059E-002  0.14496515109221395       0.46628694906640916       0.78330049462219797       0.89514119979509998       0.90795076946933861       0.84639066643484018       0.64594364807194016       0.27481585084486138        8.8529083096767588E-002   4.9288487074372472E-002   6.2003032881189801E-002  0.10321277411986361       0.14567364160277574       0.14818752705445715       0.10838236898080625        6.6387411250783943E-002   5.1523561083862593E-002   8.4330041421259425E-002  0.24228816244183771       0.57535887184069689       0.78342914166712208       0.84510222891950848       0.83144686059334816       0.71669033038081054       0.41137218083389437       0.14549885846804456        8.6625077369922907E-002  0.12568407097092382       0.19649980574228629       0.21796122966244605       0.16859752894326940        9.2380615877580702E-002   5.0284857039034347E-002   4.9743989119464031E-002  0.11439133703744291       0.36271565491504476       0.70424815627239412       0.84314220716811739       0.85452741589463899       0.74801800698522725       0.42914642505710571       0.13169626919739469        4.5128592046205951E-002   2.4352356323067561E-002   1.9875309486953610E-002   2.7788791972738994E-002   7.7385463282299227E-002  0.27402544420570007       0.68471117726257091       0.91041400675557915       0.97795596232689652       0.99618166945832376       0.99998998641967773     
  0.95957853995206566       0.86401641878163071       0.55863258250585601       0.17051365014544775        6.5296224082685164E-002   5.4957974735988756E-002   6.7675224755518779E-002   7.7246708747495230E-002   7.4852471325141584E-002   6.3002037881254497E-002   5.4077942841287342E-002   7.4774918627825801E-002  0.17257932778258450       0.35310311862119287       0.51775934827250891       0.54364877703375347       0.41810998374772629       0.23587070254035195       0.10108925568078932        5.2808240769016704E-002   6.4922985666356112E-002  0.15396311027393975       0.33781659653659590       0.50730967281369810       0.51553121060344054       0.35560158531476266       0.16737950953582731        7.0302009759011477E-002   5.2960413760319687E-002   8.7567603175742595E-002  0.17958073559397478       0.27929647429953064       0.33548722731997843       0.32291898350846532       0.24541233057235401       0.14118123646771716        8.8349568612099666E-002  0.13914049624148611       0.36963075350141456       0.63897738001113813       0.70587065466145138       0.56740561981275706       0.27991206564479632       0.10316415355647583        7.9635396224704932E-002  0.21213643108808600       0.66641004343638932       0.91435750488024492       0.97684667415248727       0.98039142829185344       0.93209829715717218       0.71371816667535692       0.22699803141513081        6.2072507376373348E-002   2.6733097450759365E-002   2.3933485667099963E-002   5.1720853334450569E-002  0.18427015374136774       0.56928508744878692       0.87474103078649512       0.96796935887949309       0.99008684122046342       0.99281403876383667       0.98584413994927311     
  0.81261034889227435       0.58334256429181941       0.25629912961541274        9.4456145402252056E-002   7.2990834642654642E-002  0.12842396876472006       0.22064843713802754       0.27653689631129247       0.26847104798678934       0.20356548314147141       0.11623868574812866        6.6826685804679958E-002   6.8392895607778309E-002  0.10251975574795651       0.14020916333587377       0.14535128959008634       0.11237903203607905        7.0036404466389951E-002   4.3607555580627205E-002   4.7350315203491519E-002  0.12115017016396419       0.40740127144177857       0.75980187011165645       0.88894148592677757       0.89296021030604800       0.77668374907004045       0.43929510936212474       0.13276623730662168        5.1507142799201405E-002   4.2809498171745862E-002   5.7898693157883471E-002   7.8383571374137165E-002   9.1242025429755083E-002   8.9098569084684151E-002   7.4067930974502649E-002   6.0250010856023245E-002   8.2745303922380872E-002  0.24304974199317586       0.69696571562654652       0.90700476034057254       0.94238008303700849       0.87561865222044732       0.61590534619096127       0.21159675838801789       0.12072054354410262       0.29528755515612393       0.80072281674666568       0.96766215377371789       0.99998998641967773       0.99998998641967773       0.97451422011941125       0.82060513968011473       0.29399040025534112        7.5562994054094723E-002   3.0839758156291374E-002   3.6991265844309479E-002  0.11339874144883934       0.40117508833801824       0.80374946089740251       0.94891792685516896       0.98156352234115185       0.98145682848941795       0.96302223959546518       0.91765286767593557     
  0.38682300261788699       0.19093401802929297        8.8017797253417990E-002   6.5356926854481245E-002  0.13316918803680139       0.39110349524431826       0.69090889890794960       0.80113011809236134       0.79194879624400738       0.66239320065575780       0.36644506110587310       0.13207999737267853        5.6520898450859440E-002   4.3868911733533897E-002   4.5812264234068763E-002   4.4931893063011437E-002   3.7926802022061473E-002   2.9961720903343980E-002   2.9034313968780326E-002   5.6085462032141660E-002  0.20404474349414262       0.68056637070205295       0.92539020362350732       0.98415897886799930       0.98547293238091738       0.93255177523994592       0.70212120237537745       0.21550256371411927        6.2032866172628855E-002   3.3056588678728717E-002   3.1300808220917430E-002   3.4705299842440404E-002   3.7349281254826401E-002   3.7360851635375253E-002   3.6113056256275498E-002   4.2000853744268464E-002   9.1095207454037944E-002  0.32699141269023485       0.82887976592372192       0.97293291749945732       0.99350195043843481       0.96157829848957510       0.79817146058699717       0.32207307286193260       0.15304015035547330       0.32346927655279001       0.82320435662933245       0.97379177796250371       0.99998998641967773       0.99998998641967773       0.98019662312885614       0.84045731802463619       0.31384653210800417        8.1034917866268055E-002   3.8037648082425601E-002   6.9251921979004094E-002  0.24970895357667591       0.68561285343727940       0.91625544642523959       0.97218572173869211       0.97250494289666656       0.93543168781630948       0.83760838215273448       0.65418844881075588     
   9.7615555806844945E-002   5.1050796215984677E-002   3.9740438723800210E-002   7.1022992653095765E-002  0.23755343257601869       0.70746909820392423       0.92085510438042073       0.96953213743653688       0.96657951951654830       0.91440668961264671       0.71908891196200819       0.29027551777324939        8.3914918635196539E-002   3.6187981196172114E-002   2.6888683863799223E-002   2.4123302976598152E-002   2.1571373878679519E-002   1.9882289900138007E-002   2.5239156050746392E-002   6.7303289380516607E-002  0.27746539590169339       0.80043871114620846       0.96730916848859116       0.99998998641967773       0.99998998641967773       0.96936465533429028       0.80319725858653157       0.27016977737379660        7.0435902840917622E-002   3.0932658546966269E-002   2.5352430804626187E-002   2.5782301094916329E-002   2.6580530860741223E-002   2.6728885102895252E-002   2.7520039451924171E-002   3.6854618838362975E-002   9.4197595866188172E-002  0.36160865784145396       0.86018066920476144       0.98338047851828281       0.99998998641967773       0.97855548812630122       0.85344831358355921       0.38821169583897697       0.15591382505941220       0.27669820834484321       0.75933751527508619       0.95270362349739957       0.99546292810523251       0.99874260532583270       0.96915724333908693       0.80459366150540457       0.28260856491838654        7.7570815954132871E-002   5.1282128949556964E-002  0.13612302894370659       0.48632727836175710       0.85342643742871771       0.95933808151878219       0.97105283287316146       0.93006746663149975       0.77383308500766701       0.46089027427286205       0.21247421162375538     
   2.2020114107048013E-002   1.8229819318514334E-002   2.9038716588371375E-002   8.1637823331424775E-002  0.31220286898253075       0.82743123663867912       0.97524327250265763       0.99998998641967773       0.99920988123300825       0.97895163092707194       0.87639484149200086       0.49381094035846318       0.12967079321577232        4.0631840147950800E-002   2.3206313970866612E-002   1.9058520100943801E-002   1.6946029573883501E-002   1.6312029864527608E-002   2.4551770873607947E-002   8.1523096945589693E-002  0.35354343335451038       0.84755067256671801       0.97679217457906553       0.99998998641967773       0.99998998641967773       0.97476762063038358       0.82718224602810453       0.28919177405342339        7.2483593543683500E-002   2.9694907746622649E-002   2.3741907823733293E-002   2.4066711879042354E-002   2.4663798675190272E-002   2.4539496007721765E-002   2.4947308695374194E-002   3.3483180524040750E-002   8.8691854600037923E-002  0.35164626092798484       0.85672521458897766       0.98056011317936442       0.99769543118936099       0.97885172842148782       0.86472493582084786       0.41007107686596267       0.13391623175168357       0.17696713076109832       0.54406861686553276       0.85401506679683747       0.95125031401979676       0.96256908238135752       0.90378640507100982       0.65747762738366766       0.20507090213740131        6.7042954581889247E-002   7.2959315480512557E-002  0.24250732217437335       0.71615845878595286       0.93039294633212488       0.97226395229977736       0.95189220066299829       0.82800946033921319       0.44132549597189763       0.14642497687293241        4.8676989853061375E-002
   5.4319030650161054E-003   1.0574498304135994E-002   2.5235755424062506E-002   8.0580012099500525E-002  0.31880249896358220       0.83870917177537518       0.97926995741980916       0.99998998641967773       0.99998998641967773       0.99133692760068381       0.92468620628556164       0.62296111539388077       0.16398405740996327        4.5246224492319673E-002   2.2488491012563758E-002   1.7425353409021783E-002   1.5159141609979863E-002   1.4884069975380613E-002   2.6590434483991385E-002  0.10505007633517945       0.46054812023045139       0.88028088632597445       0.98058636248268549       0.99871685834712198       0.99795062775447485       0.97213502846233579       0.82409149497422340       0.28312280076034924        6.9487526650536716E-002   2.8497490125592325E-002   2.3833136688970268E-002   2.5130798099009661E-002   2.6071740430868393E-002   2.5439982044479795E-002   2.4555531775475530E-002   3.0673160704419580E-002   7.8820964167303720E-002  0.31916120718005286       0.84047805543063459       0.97421588471391996       0.99370789990534836       0.97639579755947969       0.86854911833580151       0.42859289828513991       0.11384705637485883        8.5729257982260387E-002  0.23048692882678576       0.53466881656411636       0.74093573230323562       0.77388464203753315       0.64811837903494973       0.33336878556991140       0.10892725094177250        5.5331190637650511E-002  0.10408703898571649       0.38292155984834092       0.83548943774375994       0.96089813700192428       0.97237578439004491       0.92006381409273574       0.68366244112990104       0.20519907491927672        4.2661143055275158E-002   8.8659506673383834E-003
   1.6876591235384228E-003   7.7579089466619493E-003   2.0714651319848513E-002   6.5348016635529096E-002  0.25772303919464234       0.76768445939053986       0.95520555125007378       0.99388992215449123       0.99852340571088927       0.98787643913609402       0.92042513149780580       0.62099143979696392       0.16402530253047273        4.5447954593335824E-002   2.2554439286250626E-002   1.7270465300320288E-002   1.4839061443237005E-002   1.5086207627038257E-002   3.1761676984665990E-002  0.13937014986947516       0.58978466617185321       0.91142770055820299       0.98414099072535810       0.99734255948262496       0.99516106152597494       0.96671222488118558       0.81000802896841628       0.26462433571597938        6.4355144080511836E-002   2.8344169686992961E-002   2.7086754991483584E-002   3.1705553965647774E-002   3.4189980295960452E-002   3.2120977970838627E-002   2.7759960779247087E-002   2.9689537851966968E-002   6.9535417451421666E-002  0.28456806752325092       0.82040038606470855       0.96725024441071250       0.99024972229952024       0.97599823112148620       0.88174806177594900       0.48567530342813686       0.11534025210452287        4.5088053632602085E-002   7.2013700735641992E-002  0.15250307128607532       0.23212220831510103       0.25243504413734186       0.19860390574164785       0.10746801774615754        5.2963898819170532E-002   5.0225168886496883E-002  0.13850631460720297       0.52543179794346517       0.89231642172511738       0.97289014550454456       0.96893777354014610       0.88855340025037266       0.55131117784164418       0.11781988131642185        1.4877439133945311E-002   1.9801845593819104E-004
   6.8245232979849142E-004   5.5974207923509892E-003   1.5173382615623923E-002   4.3251433714746747E-002  0.15821027770483795       0.54509545053392061       0.85045303157387586       0.94727699125335407       0.96814275835799868       0.95349372405637567       0.85775773567317892       0.50139141802897103       0.13824582118695683        4.5385869636871835E-002   2.5202744021140436E-002   1.9139156981697394E-002   1.6095904050978622E-002   1.6888998552352635E-002   3.9228217069167785E-002  0.17679665484637225       0.69243374722969431       0.93555719230623691       0.98749755615543833       0.99639449704540806       0.99232081685627449       0.95975164312791261       0.78933081223920365       0.24233149423553560        5.9876990949541929E-002   3.2364408679152364E-002   4.2157023433069887E-002   6.1816833526047915E-002   7.1955580693371032E-002   6.3221117378734717E-002   4.3830787165181441E-002   3.3936502602735098E-002   6.3890822709026157E-002  0.25731954175055577       0.80066702054232253       0.96082831980153971       0.98805749309748381       0.97865741759733971       0.90567781522197532       0.58452244423356592       0.13858681248392363        3.6478378711810588E-002   2.9651537663163845E-002   4.6103515840095061E-002   6.4339307793876491E-002   7.0491065548849957E-002   6.0658015745502419E-002   4.3394210866407462E-002   3.4035124597175920E-002   4.8152504306842404E-002  0.15436716324812016       0.58705767978325751       0.91096629610312740       0.97676443235111143       0.96832912909215496       0.88024779002204812       0.51702526761228074       0.10289263389358146        1.0912358345122558E-002   9.9999997473787516E-006
   9.9999997473787516E-006   3.8065265177598716E-003   1.0466315281600172E-002   2.4734316022905135E-002   7.0702973400959920E-002  0.22573842990424001       0.51981105272711658       0.73620222410896929       0.80839127315267933       0.79641086068786171       0.66753480139752963       0.34550047923227217       0.13359772071522433        6.6712156334071571E-002   3.9929841633263928E-002   2.6174265345790114E-002   1.9761927742153421E-002   2.0331702455697390E-002   4.8056373598922071E-002  0.21177804566748235       0.75492727556133665       0.95121715106441695       0.99039175565134707       0.99601225830192641       0.98967000123511084       0.95114494448049669       0.76111936810175473       0.22006431942126406        5.9122331972711863E-002   5.0462244793399752E-002  0.10658986072952464       0.20022589877455535       0.24681117163746499       0.20645692094541104       0.11347130647365378        5.4288653986221978E-002   6.4597432717772491E-002  0.23894767538934164       0.78250401349615761       0.95531887456009057       0.98713957680706998       0.98296121478667731       0.93042398138212068       0.68303490919386545       0.17369875406916965        4.0281057325116977E-002   2.0918424614946085E-002   2.3621133412476146E-002   2.9027842132907912E-002   3.1862629653532724E-002   3.0938598203612892E-002   2.8037872327072420E-002   2.7764999864106965E-002   4.3400904450056635E-002  0.13904786181644760       0.53670698321551880       0.89686230069062078       0.97493333017231631       0.97236611131412432       0.90268553090905523       0.60629351312447854       0.14541137245054031        2.1982774097689440E-002   9.2203000976543218E-004
   6.2042180610760453E-003   6.4857930726828789E-003   1.0392513796448392E-002   1.7268666816367701E-002   3.2397635299036144E-002   7.1655432502135560E-002  0.14903642039371401       0.23480437215641858       0.29529483443195614       0.32716452783844990       0.33593469733297482       0.31795035960582779       0.26545505068264696       0.19255247520330504       0.10639640718500223        4.9653722064925229E-002   2.8280983682889869E-002   2.5721901654431049E-002   5.7949518630436368E-002  0.24428466438229698       0.79217272328833677       0.96146946544060718       0.99309604730661982       0.99629976926768515       0.98726953363219361       0.93975934959939911       0.71929315690473339       0.19816670453811813        6.6220737881545144E-002  0.10690250469352885       0.33406707799933594       0.65012236814849000       0.75827633117514648       0.66592626755552564       0.35906324139492096       0.11784782329657388        7.5732284073374109E-002  0.22753079380921556       0.76409004600806851       0.95036413681491694       0.98724230250149603       0.98753701548096384       0.94926959550739598       0.75197640384524211       0.21122771484567435        4.8382392845172421E-002   2.0651173851788919E-002   1.9208648418475971E-002   2.1741373659054937E-002   2.3791859998261115E-002   2.4477249338539994E-002   2.4177752016935009E-002   2.4997835552340409E-002   3.6182415575357736E-002  0.10315500702271527       0.39988251319546386       0.84633005397112104       0.96516402649505673       0.97731681206390131       0.93728915151644332       0.75325188051651959       0.28728269307696219        7.1959202168431130E-002   1.7315731220995043E-002
   4.8362391069186293E-002   3.4091297763845153E-002   3.0266309434824976E-002   2.9134620509875121E-002   3.0478908515282448E-002   3.7037604112339188E-002   5.0811609839419923E-002   6.8660784511183612E-002   8.9289779990586529E-002  0.13315889300731265       0.27768325815846406       0.58824070271440798       0.71304190168656101       0.62745665699702879       0.35007280292800524       0.12025455622071488        4.6859378811036745E-002   3.3579487725405428E-002   6.8479346864218180E-002  0.27409329322807413       0.81611005577085194       0.96881379674314572       0.99586493590047809       0.99731690604600998       0.98506939876459199       0.92340648293064032       0.65192882609153691       0.17428617344071956        8.0744928884609629E-002  0.20395651362626194       0.65959687153581181       0.90714267947646821       0.95942516095709462       0.91520074237000582       0.68706856384999881       0.22540133580998578        9.5910885533879386E-002  0.21730611878701103       0.73781822032833344       0.94432758975887232       0.98802742085276474       0.99204524315587728       0.96244215149606116       0.79465592809673191       0.24648330242328165        5.7670808776975779E-002   2.2717110795292834E-002   1.8910036793830812E-002   2.0416426432019096E-002   2.2303349485257161E-002   2.3491687616237794E-002   2.3790199405938881E-002   2.4143407025063179E-002   3.0120016556986064E-002   6.9147846754455441E-002  0.25746988833460727       0.73805126678058008       0.93749394904359240       0.97712152488356674       0.96510696328096224       0.88382886993831489       0.60662995600058722       0.25344735379681166        9.8816072066663249E-002
  0.25423671140392895       0.18818505824968329       0.15129306585263083       0.11654963168130514        8.4052570616427805E-002   5.9489716433144352E-002   4.4242259496986749E-002   4.1107262906052953E-002   5.1563711650062183E-002  0.10715321911312406       0.34329558501552598       0.80020182191436973       0.93218171555512730       0.90850546674972055       0.70405661839511480       0.24879282192232574        7.6653060820287250E-002   4.3213493007526929E-002   7.7767777541400351E-002  0.29551677190776160       0.82949175641580264       0.97376776583535352       0.99853085163066779       0.99887695421808076       0.98280516124283479       0.89967205605227785       0.54931416335353433       0.14613743640803639        9.2109557254953012E-002  0.27984275948468651       0.80396834614335300       0.97210379931410107       0.99972078533218722       0.97632992100713578       0.82235303220242173       0.31021026336346696       0.11136540819258926       0.19818517331922270       0.68521272076694306       0.93290321618238403       0.98868975297195383       0.99636736334978804       0.97142430301283278       0.81898984278735398       0.27400403138657098        6.5933949949500567E-002   2.5332752534027052E-002   1.9893951629237381E-002   2.1142787702788310E-002   2.3670625660901466E-002   2.5955320149580626E-002   2.6971178914135831E-002   2.6573938899937175E-002   2.7954534148503261E-002   4.6287898321539754E-002  0.14760765824884320       0.51703174245160877       0.86039431453505499       0.96118874559989997       0.97707377178885479       0.95531613887185496       0.86980801771057614       0.67563932803830462       0.41355693445620340     
  0.78094455849781086       0.71805499208830537       0.63211941679048045       0.49669719888946651       0.33737022440052200       0.19723910473766418        9.2381296171968941E-002   5.2143340045123630E-002   5.1957335131374370E-002  0.11091363639902931       0.38032769057983018       0.85658607244344709       0.97962933389166895       0.97608494224845954       0.83640219437332064       0.34319674133003941       0.10047467951221925        5.0635683239746300E-002   8.1834759536507679E-002  0.29578154566778742       0.82530161763418386       0.97407676776012553       0.99998998641967773       0.99998998641967773       0.97898832594265550       0.86620680832432884       0.42696554350230115       0.11702289989045445        9.3035182289773186E-002  0.30101472981049299       0.82834274484529979       0.97921576711502156       0.99998998641967773       0.98305416090245645       0.84511704911235230       0.33349298390509774       0.11100537557700919       0.16314340963103391       0.57705561948233730       0.90660019073860154       0.98662548555141982       0.99918107317376148       0.97485595905081790       0.82264800959553974       0.28207807920417466        7.0035649534521752E-002   2.7616181101944741E-002   2.2017761957266659E-002   2.5063924248622391E-002   3.1629177617840294E-002   3.8871782646327194E-002   4.2722477979485154E-002   4.0325148764640495E-002   3.4741646813140264E-002   3.6418106132454435E-002   7.6386908465465503E-002  0.25959627421597525       0.66960956978109820       0.90053885313842863       0.96689593563835463       0.97718071820297869       0.96134882069299776       0.91791258765633810       0.84858940697145335     
  0.95370811419461332       0.94198199587299314       0.92432749277940429       0.88906814416972246       0.80896672851865381       0.59698344936520376       0.24367219830235434        8.9573657857175276E-002   5.9709143858002509E-002  0.10174578156332854       0.32473466475792706       0.79958309029293628       0.95270209480351886       0.95609740601994053       0.81020839109291420       0.32832768389883049        9.9749413439475965E-002   5.1684702133163694E-002   7.6828140710387779E-002  0.26060010702995889       0.77706437940656270       0.95968553135784995       0.99686794408404078       0.99745564471043668       0.96507322228218528       0.80628234548464239       0.31357127622159492        9.1035013012196297E-002   8.1663488445422178E-002  0.25895353883900163       0.76488931192480614       0.95313737549724153       0.98697010698244647       0.95924672518547838       0.78800686521713104       0.28533479320948790        9.3666065341136806E-002  0.11790813939388410       0.40991827106062378       0.84429187725093091       0.97199638126888133       0.99356969224516312       0.96205335025340732       0.78126003408656175       0.25484221829765186        6.6635006136795238E-002   2.9604866225874341E-002   2.8316530070707575E-002   4.2404055968319136E-002   6.9843098660600220E-002  0.10149703107495071       0.11869356282584079       0.10613211085056862        7.4344621165034153E-002   4.7205813260466772E-002   4.6749929246431586E-002  0.10969682296418702       0.34017210579264068       0.71500317894728738       0.90492740796880167       0.96478686282674841       0.97875883436353361       0.97587419819386734       0.96535797704486526     
  0.98630513386939067       0.98819157317542883       0.98892114369521522       0.98494252174702657       0.96018977701137276       0.84238899814733015       0.44106465252436611       0.13859096867475162        6.6364622776205473E-002   7.8184510800903398E-002  0.19818356824012831       0.54965649494422819       0.77601214118180917       0.78797441806908608       0.58677941277383483       0.21484353749085150        7.7719614797313777E-002   4.7481805583584252E-002   6.3523244646563851E-002  0.18679759469782334       0.61271841625609913       0.88769916749724309       0.96191033625626043       0.96453659252226753       0.90049241254212542       0.64997205014027204       0.20755683732497049        6.7301370531229088E-002   6.1665807346693420E-002  0.16758133643908124       0.53597199307474741       0.81704581650278385       0.88837277080258925       0.83106483904787853       0.57287270592839379       0.18506552575175028        6.8037773501087806E-002   7.8245824031793546E-002  0.24569872197677911       0.68373616127601278       0.90255065621133745       0.94661539850646292       0.88709657212449222       0.62111326351475604       0.18510794996041821        5.5717335872036575E-002   3.4509687942540314E-002   5.2843422277903229E-002  0.11962213775375406       0.24176572605998706       0.37101933169297596       0.43642903255937249       0.38363626960810221       0.24704652764472435       0.11282784284997460        5.1628444468146087E-002   5.1961732563906349E-002  0.12549566039536461       0.35011921085130765       0.69244106864284616       0.88080954585230842       0.95119774030830684       0.97538457090504849       0.98332195695515034     
  0.97427451170117041       0.98656203996042235       0.99409222151754151       0.99630207830018247       0.98071541371507653       0.88351124467229081       0.49873172478673805       0.15294081541957705        6.5010887284505811E-002   5.5989157435121235E-002   8.9561895937224550E-002  0.18789172536128076       0.28670812112095595       0.29873254754111772       0.21172035353007213       0.10495791155499444        6.0783363639717293E-002   4.6859935970625800E-002   5.0958504225309287E-002  0.10229673601617323       0.30316020674013189       0.62738739119040643       0.78422381435608224       0.79165404838914344       0.65416467866407546       0.33180848107661354       0.10820298175708400        4.6885978700323343E-002   4.3393793597836662E-002   8.0987907539605469E-002  0.20511956754744190       0.38748510075624493       0.48451085559032631       0.40510238976444612       0.22292991059527614        8.8094758224662409E-002   4.6227082328854217E-002   5.0591009824359635E-002  0.11846732478686096       0.34356974333404278       0.63282807910818117       0.72385758884231655       0.60541810711992416       0.30118003943992627        9.8464411189965836E-002   4.4699659062454600E-002   5.3104449211857661E-002  0.14092726727046145       0.39172228771613388       0.70232654598957323       0.84365231207031921       0.88143965782460898       0.84693886600712986       0.68556196827037552       0.32318918682755260        9.6828447422852418E-002   4.1619490144920827E-002   4.8627157606747587E-002  0.11406252763059267       0.29075636855200032       0.58933420081376053       0.80499967477598000       0.90844486106485700       0.95326781328447496     
  0.87468910860376037       0.92734885331832217       0.95300907266523982       0.95686949626833007       0.92267707652241648       0.76923236733713285       0.35825256624819724       0.11561125841854018        5.4613112493766144E-002   4.3751812358073031E-002   4.9755982819440533E-002   6.9676853592704147E-002   9.2038091010049269E-002  0.10078573615385213        9.5726233067853536E-002   9.0341622831730528E-002   8.5961127620343192E-002   7.3062005461093441E-002   5.7561509708100457E-002   6.0374547230867708E-002  0.10631721075696578       0.19930971283807558       0.27274206397321649       0.27758335662271066       0.20938106677098259       0.11114729102889911        5.3659774997701762E-002   3.5775636308762467E-002   3.4804091261911252E-002   4.5590981077580132E-002   7.4860433739318208E-002  0.11789048720688755       0.14245600594244257       0.12255184881606637        7.9488698007489311E-002   4.7984390685789143E-002   3.6087442840831291E-002   3.7137613052502377E-002   5.6066002569362325E-002  0.11213783149772960       0.19435554999603710       0.22877562359900486       0.18444527964368182       0.10082369979721306        5.1206552454697560E-002   4.5425813711899139E-002  0.10324933017251088       0.35464914631934441       0.75240542469825444       0.92551245511833302       0.97547113198571145       0.98643339802835150       0.97506058554252117       0.90015201551263602       0.60906128507740365       0.17160233583310674        5.0210799457060716E-002   2.9438048826744809E-002   3.9889884054201838E-002   8.3868120619187581E-002  0.18874043836297966       0.37788838122172824       0.62550905483627617       0.78626996933805438     
  0.47839545568156333       0.65257968680348644       0.74201239007293796       0.75104223140886162       0.65867664824960992       0.41152552726178310       0.16453611562024636        6.8228309904397280E-002   4.2682256393322737E-002   3.6941396130726202E-002   3.7429036431509882E-002   4.2059104597669532E-002   5.1077813924741977E-002   7.1152307424788938E-002  0.12501646688521734       0.21265820410609765       0.25458642234403056       0.21445636554367939       0.12512381056380034        6.6657712523682841E-002   5.5602134916033982E-002   6.7898473630807851E-002   8.1535260528282388E-002   8.2571639248724821E-002   6.8999797669412638E-002   5.0214841731372709E-002   3.8387738337596969E-002   3.3912771082677179E-002   3.3396218935172840E-002   3.5986572378946077E-002   4.2456555484908363E-002   5.1233737200122489E-002   5.6071672161081221E-002   5.2199586542307878E-002   4.3431618375684669E-002   3.6326496292932692E-002   3.3075136071277281E-002   3.3115064867626463E-002   3.7421662978116117E-002   4.8699763698238516E-002   6.4102465173178635E-002   7.0394121051228761E-002   6.1249052011147373E-002   4.5131076078394748E-002   3.7927989503892437E-002   5.8431811070275813E-002  0.18727372031154993       0.63622495983228333       0.91229546882401158       0.98414124151271964       0.99865538406752430       0.99998998641967773       0.99716980058507809       0.95430635351741588       0.74019318346673735       0.22008334953483399        5.8560720198665706E-002   2.6671449132184256E-002   2.3192958962188443E-002   3.0965991707631240E-002   5.3315718849566117E-002   9.9997194843002984E-002  0.18201493154122611       0.30145345413616592     
  0.12089094756967396       0.17307172634528581       0.21188861138376935       0.22032945881201269       0.18740321983504438       0.12082841802430712        6.5699713532623841E-002   4.2848440749282984E-002   3.5798884186978734E-002   3.3681418739221008E-002   3.3487139178207545E-002   3.6340583582354320E-002   5.0057704969902743E-002  0.10937534605898748       0.32256888232518643       0.64039505372807437       0.75504871764008319       0.66996832503960790       0.37319832269950687       0.12734063858902958        5.6544988504384226E-002   4.3110915197821925E-002   4.2963671315485313E-002   4.5037142424467803E-002   4.7111467347464554E-002   4.8774876597287332E-002   4.9265263341456207E-002   4.6902728371208464E-002   4.2300430000152753E-002   3.8211470356258263E-002   3.6654980566640384E-002   3.7267791771136184E-002   3.7834495848678325E-002   3.6978896174343703E-002   3.5408881425705266E-002   3.4731955912447328E-002   3.5482512866382890E-002   3.6495182359505045E-002   3.6814333061567450E-002   3.6939877705735862E-002   3.7409328072848240E-002   3.6961870195490132E-002   3.4617616575504009E-002   3.2202358202165104E-002   3.6473306907209013E-002   7.3721986932529557E-002  0.26224730592524031       0.78323884464003801       0.96352992692524997       0.99805514672366735       0.99998998641967773       0.99998998641967773       0.99548240031460322       0.94907932259495731       0.72471187037074680       0.21280434312451563        5.7514067691266588E-002   2.6806949086861775E-002   2.1729975175838363E-002   2.3082141298849591E-002   2.8447818133654958E-002   3.8227067627902490E-002   5.3964853450200093E-002   7.8927529912711611E-002
   4.4615788494784633E-002   4.9154754742765656E-002   5.5621469440162587E-002   5.8525142171803719E-002   5.4703136669656233E-002   4.5770383190944459E-002   3.9095720592562291E-002   3.7769534134992934E-002   3.8172620152394213E-002   3.7535100500368138E-002   3.6145505164724021E-002   3.8312889543408057E-002   6.1455444501856200E-002  0.18216143241226868       0.60689071315538579       0.89226868185522457       0.95675150220506655       0.91511090100799830       0.68673039528484825       0.22576384162949711        7.3961706331510488E-002   4.3140889721240368E-002   4.2371485581374900E-002   5.6778583206795359E-002   8.4449610244911918E-002  0.11536805125933929       0.13258970151846028       0.12305034568907378        9.3381802784245821E-002   6.2405223588111881E-002   4.3169684302533762E-002   3.6116442004711702E-002   3.4162788645808198E-002   3.4047203349651570E-002   3.6164973124786885E-002   4.3141249604377610E-002   5.5234207218619942E-002   6.4284082328710496E-002   6.2559054421178317E-002   5.1384138078196737E-002   3.9174986662951952E-002   3.1828685606973682E-002   2.8765493635899263E-002   2.8895751774752232E-002   3.6745216775622466E-002   8.1005670448330694E-002  0.29143143645788255       0.81646356187670099       0.97342890318893627       0.99998998641967773       0.99998998641967773       0.99608840795113596       0.97639059020374031       0.88688171478693267       0.56379045182588516       0.15578032861994112        4.7574770406446525E-002   2.7110850615665257E-002   2.5832509390936422E-002   3.1899980721262176E-002   4.3051872175886831E-002   5.2398793829011844E-002   5.3016457549251543E-002   4.7120735021123739E-002
   6.0004883530600489E-002   3.6511688405259916E-002   3.0160984118000601E-002   2.9638616517932693E-002   3.0907224653005765E-002   3.4418035970179964E-002   4.3789319449423054E-002   5.9631964341347009E-002   7.2040996333100016E-002   7.3198668013910284E-002   6.4249100619479083E-002   5.5453614959875490E-002   7.5377293901013914E-002  0.22298619502938652       0.71450728685829290       0.94705024746071953       0.99344281184255800       0.96609914245357098       0.78679873429955149       0.27582264735449386        8.5536155703463193E-002   5.0291849818639454E-002   6.6123259893140232E-002  0.14124369545049573       0.27721828418422545       0.41590560151614053       0.48808000110310673       0.44849300855100288       0.31812549831485515       0.16984986598864427        7.4152696000563803E-002   4.2611099429147703E-002   3.4935023573576134E-002   3.6049946496581164E-002   4.8233248442731649E-002   8.6948181529323043E-002  0.15666564760774399       0.20921977216616830       0.20308444745884591       0.14432394318904990        7.8697137866531430E-002   4.2141546638606101E-002   2.9303489565992328E-002   2.7546442335386487E-002   3.4981271851826423E-002   7.3708972240536325E-002  0.25236040452239011       0.74740122598960179       0.94204106197690618       0.98187484829274496       0.98151500402424208       0.96179026866675632       0.89570229681310831       0.69147913284541429       0.29412912696698906        8.6100663895445448E-002   3.6149877195219227E-002   2.9383125054172381E-002   3.9343696551295763E-002   7.3121558245201529E-002  0.13360089566407277       0.18014778315585425       0.17034505539648764       0.11291187911284041     
  0.16423928766274257        6.1043164351819584E-002   3.3129244706329330E-002   2.7786938018530476E-002   3.1057034505873826E-002   4.6901911745786250E-002   9.4655004492367786E-002  0.18075579417049953       0.24764261614915836       0.25793376121631484       0.21406100339418255       0.14397016548830843       0.10899417458642115       0.20754424118267925       0.62612760553923563       0.89611644213241304       0.95903292220047309       0.92228592545182331       0.70553138192057174       0.23721113993429016        8.1002763217977766E-002   6.3937546161780254E-002  0.13704348049893150       0.41239284612106197       0.73221846309235628       0.86141504918855916       0.89599130460902143       0.87744017019704368       0.77631291817950399       0.48730339356059360       0.16089203723336759        6.0055874221964178E-002   3.9101645785789764E-002   4.4607243540557381E-002   9.0338732681475700E-002  0.25484971037000914       0.53429095594553500       0.69925646938387953       0.68801120472143762       0.50761801788335092       0.24843214333803551        9.1816926981961131E-002   3.9072087059657076E-002   2.7531738427074633E-002   3.0966235323164209E-002   5.4670988258830648E-002  0.15645369335281450       0.48941321499971113       0.77334916602004655       0.85895237876466701       0.85597406179473190       0.78964980581931277       0.60942218253381009       0.30877700102502442       0.11250929062830795        4.4905297781077519E-002   3.0653891535355804E-002   3.7760171861712759E-002   8.0119693142427020E-002  0.22760175382217213       0.48398718861846951       0.64953516646060294       0.61802804758990526       0.39867864267410197     
  0.40439974433375048       0.11814475904469582        4.4741950070983229E-002   3.1531607617928677E-002   4.0355244414292592E-002   9.2689413216491351E-002  0.28326824049846550       0.59840913058001333       0.76316545130899582       0.78552059555277998       0.70218486609850461       0.47937564722868298       0.23926641428855849       0.17261582561242053       0.35287812275017066       0.64830572231142702       0.76128631798989999       0.68965018894262542       0.40282556801328845       0.13874560731273783        6.5521390964145235E-002   8.1827944949593001E-002  0.24207820025527671       0.71091349907250323       0.92686766482195826       0.97956396138669477       0.98885871125218472       0.98377681085375168       0.94295388481825582       0.75710840032547100       0.27347121545113617        8.3118117255784038E-002   4.5324330212929302E-002   6.1233375045955905E-002  0.17827475602534293       0.57730056278004516       0.85967881754185671       0.94022873203316393       0.93744953673358533       0.85918038047371770       0.62016161822847793       0.23870878155717207        7.0691519213227888E-002   3.1165807629453063E-002   2.6940342159080758E-002   3.6571158581562818E-002   7.1078425023902977E-002  0.16796403074680366       0.29799013044270778       0.37632165231486836       0.36426327782433132       0.28473371010631421       0.18219513411425800        9.1991584602693494E-002   4.5100305864475949E-002   3.0111957242694398E-002   3.1257696032992201E-002   5.4552252811124101E-002  0.16612811149595538       0.55238314829652935       0.84898668677368927       0.93505365410400498       0.92206377696534758       0.78680735515516953     
  0.61550660286294356       0.17483981888333017        5.5355149579349013E-002   3.5435630792369562E-002   5.5401006302168480E-002  0.17617722321030371       0.59583454054857155       0.87842752288570303       0.95588694418621090       0.96430526919960169       0.93440561323942795       0.82296967028149137       0.51957059367569747       0.19319107541560207       0.14397998488234057       0.20712663723016053       0.25036106386621365       0.21994178113444454       0.13282290435807961        6.7812667132396406E-002   5.2861224068191048E-002   9.3305790118423604E-002  0.31084266388741832       0.82042245640568778       0.97308875122588134       0.99998998641967773       0.99998998641967773       0.99998998641967773       0.97850169427021627       0.84138720849831272       0.33895841748754862        9.6910677347154597E-002   4.9553164740707492E-002   7.7661327574328934E-002  0.26421519634459212       0.77241885819375600       0.95551833539856390       0.99272276586708919       0.99236483536349263       0.96529469034835158       0.85373906764903784       0.49784179974864456       0.13868818306012942        4.1779964278909808E-002   2.4952792968283843E-002   2.6800626696002767E-002   3.7104672239259062E-002   5.8963122217454284E-002   8.6840223095522723E-002  0.10377394412981446        9.9345923678926168E-002   7.9393824834313551E-002   5.6172847612796180E-002   3.7940644189757108E-002   2.8917307020031202E-002   2.7373963571906974E-002   3.4162288085684014E-002   7.0541570773455312E-002  0.24373081541486619       0.75314153351106672       0.95616262172373601       0.99855107827739920       0.99330920317116089       0.92082240806636773     
  0.62004426517723843       0.17477494091216247        5.4198600390311491E-002   3.5580283703462966E-002   6.6413826565606890E-002  0.24422414297963230       0.76592080941443763       0.95631717346995926       0.99473223502636310       0.99798229272798344       0.98818898563564117       0.93983888985221087       0.73867941963345352       0.25677464118575261        9.1765457472122669E-002   7.1342541468739057E-002   7.5162961929432129E-002   6.9756398668511924E-002   5.4322943702759807E-002   4.2915189665908453E-002   4.5859674527301789E-002   9.0283891916525000E-002  0.30617268832415967       0.81640559743290819       0.97182805641227665       0.99977293421668445       0.99998998641967773       0.99998998641967773       0.97479142188713042       0.82847645050358543       0.32257160854265271        9.1812327653134393E-002   4.8609633545903717E-002   8.5407045595787295E-002  0.30972900895888877       0.83188527448577809       0.97571080407067035       0.99998998641967773       0.99998998641967773       0.99063328405456197       0.94097934647957082       0.72876056891830510       0.24607000297575268        6.2311194679027217E-002   2.5661631978359474E-002   2.2018440355470514E-002   2.5478823885050791E-002   3.1630982018188550E-002   3.8746962415314133E-002   4.4076123151225936E-002   4.5341359824281509E-002   4.2728378948793923E-002   3.8084851137415832E-002   3.3149298584062320E-002   2.9578660414903288E-002   2.9144253707175317E-002   3.6130069529336423E-002   7.4131476685843981E-002  0.25581361628604526       0.77343114571592964       0.96346355072138024       0.99998998641967773       0.99519314196062880       0.92410794346023295     
  0.41802028509715722       0.11764742676362652        4.1140282468020359E-002   3.0940619829016334E-002   6.7336311887754227E-002  0.26861395798799964       0.81160996320221734       0.97072290939805816       0.99871294151708923       0.99998998641967773       0.99813495228793048       0.97121692741265986       0.82486142466653689       0.31481897965231809        8.8927713246583148E-002   4.4308531729195827E-002   3.8916874675849984E-002   3.8310232552788981E-002   3.6695995477938018E-002   3.5856047450660643E-002   4.0924043503331092E-002   7.3619626958238940E-002  0.23126548000316027       0.69447616402627743       0.91928296543943633       0.97512727812556288       0.98449981310518053       0.97692547141861519       0.92491902913697333       0.70782465838420883       0.23711844156533732        7.1553493463937412E-002   4.3075856471021766E-002   8.2736509525607016E-002  0.31100678738010878       0.83697587559774755       0.97631107864825883       0.99942770206649079       0.99998998641967773       0.99667834141546563       0.97184602534486486       0.84732365470738968       0.40506020251694036        9.8376280912511077E-002   3.0080961491525445E-002   2.0032027510730854E-002   2.1456656084641337E-002   2.6430107900330440E-002   3.5672159379472691E-002   5.0399724746381332E-002   6.6118403276479248E-002   7.5473358474484803E-002   7.4252715945936909E-002   6.2489645417614890E-002   4.6129317621589894E-002   3.5893285472223153E-002   3.6998573544216463E-002   6.3356300499348289E-002  0.19445788002177852       0.62759911947377800       0.88999473701762877       0.95511237050303377       0.93829611291595483       0.80618771235578068     
  0.17522683659551100        5.7791250082982346E-002   2.6103211432578096E-002   2.3692899702707059E-002   6.0052572006686560E-002  0.25906257530806870       0.80994551736214337       0.96865838631797541       0.99696659233544482       0.99998998641967773       0.99994424821467343       0.97910533784040299       0.85091144906872340       0.34598358416624481        9.3088406139472959E-002   4.0295946026960031E-002   3.2811720144408703E-002   3.3488439175089126E-002   3.5008970723567116E-002   3.6221875233694710E-002   3.8978629824360886E-002   5.4212030873908489E-002  0.12751974024611695       0.38450515950644276       0.70463306741236398       0.83817270623563600       0.87186605482910573       0.84826034876105272       0.72523089542172237       0.40466295536891261       0.12922391242346376        4.8801852751181617E-002   3.6310275917269499E-002   7.3068657081358748E-002  0.28023396457719707       0.81416647514317342       0.96947063289301105       0.99730760251531403       0.99998998641967773       0.99882612891720357       0.98551717672193129       0.91293902192566623       0.59970535545757586       0.15162956387109613        3.8782134203467294E-002   2.0555319576607643E-002   2.2501188492656452E-002   3.6195648749684776E-002   7.3905568544226252E-002  0.14688531314614764       0.22730592799530414       0.27465500300621987       0.27031392540762300       0.21091881485269445       0.12000298467593265        5.9214333140022647E-002   4.0633639895484720E-002   4.7768590019153123E-002  0.10296793243595993       0.30127879396740298       0.60009371387312138       0.73282247468531936       0.68590123720445717       0.44854223428281670     
   5.7458160121817689E-002   2.6197049684742159E-002   1.5232881815881755E-002   1.6207165393603607E-002   4.9748578043294238E-002  0.23652492302885733       0.79310080962769269       0.96237684992417749       0.99448411010838833       0.99998998641967773       0.99957633496889076       0.97761578475929967       0.84489760057916796       0.33684272170644997        9.1171940112780389E-002   4.0334324696405958E-002   3.4601050824413553E-002   3.9279285282763081E-002   4.6274304346194124E-002   5.0623164802062269E-002   4.9943985678815125E-002   4.9510775711319538E-002   6.5707009877800482E-002  0.13069424905978488       0.24681594735487258       0.35559517827051357       0.41185733059501750       0.38470434456039099       0.27989748228902800       0.14781192547498459        6.5927177304197435E-002   3.6858720536018068E-002   3.1944032914906238E-002   6.0800891681707318E-002  0.23053289708389260       0.75589310036713520       0.95359455980251673       0.99373261551446612       0.99998998641967773       0.99993224862242691       0.99269930469735201       0.94785959453402424       0.73018492339360086       0.20461643028989945        4.9660092836478660E-002   2.4218422326548198E-002   3.3078746897923526E-002   8.3650648498757030E-002  0.24035502837097683       0.51919800991444165       0.73201393209614452       0.80713924780740987       0.79795326065472527       0.67961473189039390       0.38062980671253699       0.12964011890246577        5.3848178027610480E-002   3.9936200007685538E-002   5.1550861288067226E-002   9.7506887642058990E-002  0.17436128674993567       0.21949018188022074       0.19803099850138106       0.12469398807786872     
   2.2315537425550869E-002   1.2882952601655992E-002   7.9822598221394349E-003   9.8311899974805900E-003   4.1368896902820175E-002  0.21975534720614120       0.77706056338173701       0.95598518277677591       0.99153967132502507       0.99828805362172135       0.99518525246437073       0.96263353388096784       0.79542277278617457       0.28444148284082521        8.0663213264918196E-002   4.1958397839417023E-002   4.5677600074010456E-002   7.0789050228975692E-002  0.10606914639038380       0.12804980261021623       0.11820955422292545        8.7218755565073344E-002   6.1603404745173854E-002   5.9844084466401146E-002   7.8434957248789239E-002  0.10314328239691128       0.12309614688971475       0.13229207033686907       0.12604919582453167        9.9873965412929352E-002   6.7914639409702784E-002   4.3059783098634723E-002   3.2878220659571855E-002   4.9070674626801314E-002  0.16887461502476178       0.62479096365422782       0.91692181076357682       0.98605181141233422       0.99907375043331459       0.99998998641967773       0.99676331686721531       0.96454499133485527       0.79079425552688065       0.24521217950639540        6.0648849385008599E-002   3.2561845891237819E-002   6.4057360372295216E-002  0.22026134919801452       0.60366099247057903       0.85865885644736939       0.94686166838001640       0.97120251233940413       0.96811730029010301       0.91784493672753864       0.70723565160073831       0.24611908957280723        7.6301099625805016E-002   3.9405636827076679E-002   3.4673521251510624E-002   4.1303847142931172E-002   5.3524967045639395E-002   5.9921250545696386E-002   5.3525042703919223E-002   3.7579942148220018E-002
   1.1953329423381287E-002   6.9474486668725400E-003   3.6124696013299573E-003   6.5924686043447849E-003   4.1534210558957098E-002  0.23003067813244535       0.77697414564585454       0.95225989034792580       0.98714360800939815       0.99104219876122857       0.97666130858277678       0.90649947639187323       0.64398088499475092       0.19903062680140124        6.5007898087901389E-002   4.8748234277074330E-002   8.4809687529113581E-002  0.20255161121331428       0.36003961554085034       0.45231221963055873       0.41116740291029591       0.27063078611908964       0.12786479563913997        6.2035403658704760E-002   4.7215457116614547E-002   5.2281515033728701E-002   7.5062027031447209E-002  0.13545754232639476       0.22002251755981944       0.24064475396963597       0.17796014900647020        8.9446700409717583E-002   4.5353717968195519E-002   4.1578385940164338E-002  0.10661500132887911       0.40809262756451875       0.83562472666951249       0.96737318971260000       0.99592296016050763       0.99998998641967773       0.99943069943209106       0.97099274469705976       0.80972205894560367       0.26589742443840303        6.9579963559891170E-002   4.6358509201164674E-002  0.12339673467932738       0.45831838577880946       0.84334422130986486       0.96455014807710915       0.99346399794360896       0.99998998641967773       0.99930950136122088       0.97479520052594359       0.83312354961201451       0.33353744489340675        9.3962639711788795E-002   4.0325603278951364E-002   2.9629497912527787E-002   2.7947853899596180E-002   2.8126970748590174E-002   2.7075420212427662E-002   2.3441559604652853E-002   1.7825902024489072E-002
   1.2453543429875185E-002   8.1927056524498682E-003   6.2732334720995622E-003   1.4624124061532491E-002   6.9524431860818692E-002  0.31300067850467533       0.80769445417621044       0.95159570054644127       0.97522636080279557       0.96199160617434809       0.90370759497414155       0.72381810437309801       0.34732510354752716       0.10723514429256129        5.0821118684456379E-002   6.6233410715667115E-002  0.18504952354579254       0.55706591845349185       0.81490805341184736       0.88541096647127404       0.85992345076227050       0.70567476454848743       0.33870287939317606       0.10894684138355760        5.2783554499646411E-002   5.5543652862631583E-002  0.11844354557784764       0.34548049330720015       0.64739642459172142       0.72544225541521079       0.57277166832729276       0.24966261144595608        8.3596593783377929E-002   4.3126522110590308E-002   6.5369050900699069E-002  0.22444901630956085       0.66567624506367251       0.91506365628177944       0.98329362088358108       0.99903946819498668       0.99802828045800063       0.96321662203954395       0.78258803378283148       0.25338722776359857        7.2277296539195457E-002   6.1325724451997764E-002  0.19160258159550381       0.67306118942515913       0.93290471613713954       0.99138332577226684       0.99998998641967773       0.99998998641967773       0.99998998641967773       0.98025394797181620       0.84903472180862150       0.34681899477276590        9.5232134633525131E-002   3.9261104835153805E-002   2.8266368462850706E-002   2.6295282524512950E-002   2.5856910434251229E-002   2.4466990188242346E-002   2.1429013421863902E-002   1.7157244049667664E-002
   4.2388107959903963E-002   3.8172202030497045E-002   4.1422065820382638E-002   7.1030015306974129E-002  0.19173297631370834       0.54054370939497176       0.86640581319205856       0.94212468877686817       0.92588860483841906       0.84210427094031259       0.65108381286973271       0.33805218305334839       0.12821051150116011        5.2809408472764545E-002   4.3458921692968160E-002   8.6105917315481659E-002  0.29087824222845438       0.78682767884674643       0.95741368179717357       0.98971221706868084       0.98034837821897713       0.90083226701166741       0.58982646096948810       0.17506948276714834        6.7320032739675351E-002   7.2373096294242587E-002  0.19952166461622939       0.63736788764276142       0.90096935552902224       0.94794176099395888       0.85881479598994603       0.49862293403930980       0.14434504075698371        5.1596719983561329E-002   4.4151877845083377E-002  0.10884602263708196       0.36685036608494614       0.75445554550343796       0.92249292516079784       0.96939949443391915       0.96897002576901892       0.90638426041261100       0.65006142572905157       0.19614054253538246        6.4770476678921302E-002   6.8291575004899047E-002  0.22401153080245179       0.74305429332933370       0.95467909443216092       0.99669596309953490       0.99998998641967773       0.99998998641967773       0.99598378843897561       0.96265990629691267       0.79343688986051764       0.28707849087039167        8.0404130057696130E-002   3.7076525378517286E-002   3.2115341750245316E-002   3.8095903407552076E-002   4.7475978584134298E-002   5.3147977442213272E-002   5.2815660196671339E-002   4.8283374419450346E-002
  0.21515182838615735       0.21028320188294591       0.23007868514055180       0.31968580053443529       0.54686040291248306       0.79788387075161205       0.89986194085189997       0.87143749046319829       0.73066969897817291       0.46842568798109419       0.22907826422441538        9.9709500285206892E-002   4.6214523619691340E-002   3.1952284224900783E-002   3.9892793630102175E-002   9.2620601818376239E-002  0.32602277224647519       0.83332203958559170       0.97818916573141534       0.99998998641967773       0.99610792491476152       0.93436638015578932       0.65979956819883756       0.19732977390133824        7.2441950550095738E-002   7.8899126762399699E-002  0.22924206399588801       0.71668540436573602       0.94572871320327312       0.98404970451107721       0.91642030252817808       0.59416292602353271       0.17153405359049026        5.5570428979226177E-002   3.4464315149892517E-002   5.1810200629886845E-002  0.14280895584488887       0.38754655619407102       0.68246003564292923       0.80722575367025418       0.80972107606223787       0.67852658556693912       0.34873976957309583       0.11121570524464520        4.9957978902178950E-002   6.2719413522612608E-002  0.19947991728236020       0.67731165031898610       0.92943556120005744       0.98798995659150746       0.99670692712618092       0.99278648225849697       0.97282586548254935       0.89351749437373273       0.61656792488562540       0.18878587659551296        6.0035824611141826E-002   4.0009712796268998E-002   5.7133722252740826E-002  0.10518389145753691       0.17068807676516681       0.21557658021897516       0.23046872081276473       0.22595462980766692     
  0.77338435686589568       0.76683586131561265       0.77512534175328929       0.80915187348464790       0.86430484350817516       0.89156768247197471       0.82571189221263563       0.61144096064506426       0.31045173972577916       0.13645133386491823        6.1197808082582732E-002   3.2541482792437487E-002   2.4164645011416304E-002   2.5411616532402176E-002   3.6019729045739093E-002   7.9592874045822229E-002  0.26770324152038638       0.75073324107834005       0.93955071777470300       0.97688683099376683       0.96340502277319284       0.86481745810223576       0.52118765518221777       0.15370263414134477        6.1536237628816069E-002   6.6291276001547009E-002  0.17522028014708185       0.56180208345681693       0.84962032203972315       0.90953032517848109       0.81129924077614124       0.44627567884279173       0.13248785177167791        4.7814338359225307E-002   2.9135495847706083E-002   3.0534762370442014E-002   5.3217774742325953E-002  0.11652638599940357       0.21668192585639146       0.29288662418293238       0.29905083352506562       0.22632340912761115       0.11919290473543862        5.5953279339651274E-002   3.7859015650608757E-002   4.8725774894652150E-002  0.12949110983296599       0.44237743792193945       0.80052675433282361       0.92790094880210994       0.95510514045942285       0.93956871625055305       0.86860922973502042       0.67072789677542155       0.30505774528980756        9.5542951184044864E-002   4.6679167744026161E-002   6.3227463603190648E-002  0.16089047929933281       0.37813971841847516       0.62602215891108259       0.74762776890054772       0.78221800000016439       0.78285540360769057     
  0.95540726776137253       0.95112062932735386       0.94801367691958527       0.94271894118967547       0.91701080307665950       0.81479741305032383       0.54921578881460564       0.23898106877831971        9.0533079274021655E-002   3.8263595620845879E-002   2.1737667779066081E-002   1.8157782616609431E-002   1.9691689086924064E-002   2.3814845417511901E-002   3.1906611696630574E-002   5.6678239967206653E-002  0.15449005303040750       0.46299293772079553       0.74255615149867327       0.82377850831430321       0.78687015215055056       0.59527625418923003       0.25608145116115572        8.5762298639605439E-002   4.4255597806075207E-002   4.6040202334467518E-002   8.9620675798845251E-002  0.23917304043628274       0.46811788456270859       0.55977372255785407       0.42405771767556827       0.19217605889455758        7.1469001366416415E-002   3.5171472015759424E-002   2.5424372568154531E-002   2.4559924305369421E-002   3.0318988916713727E-002   4.5091711475421146E-002   6.7551154103256530E-002   8.5950294678078229E-002   8.8460299993490615E-002   7.3081088272075906E-002   5.0937584948616998E-002   3.6511677293542190E-002   3.1491338890577564E-002   3.5993188132970200E-002   6.6110675980931441E-002  0.18078516891219895       0.43377057093696986       0.66955085542125747       0.74506974891485500       0.69511426788822572       0.50902750300384780       0.26337417095674320       0.10666751969727160        4.8799783138905442E-002   5.0222334482671542E-002  0.13057349459905024       0.43068539001635403       0.77643808049110152       0.91327397728169768       0.95305236928853876       0.96135520456767520       0.95979801161140499     
  0.98960623502020839       0.98370202624591607       0.97009663057744200       0.93020098268351270       0.81092507259336388       0.52748072959936609       0.21485907976349711        7.5021411072986058E-002   2.9665296682824294E-002   1.7071907257416419E-002   1.5349845876177590E-002   1.7758983240304550E-002   2.1919031935355510E-002   2.6501898208444886E-002   3.1495773416124626E-002   4.1108149031859373E-002   7.0781165212595670E-002  0.15219962526070027       0.25552697570676447       0.30536735856141106       0.27578700522694405       0.18531265817107032        8.9377028381970910E-002   4.4634080864758501E-002   3.2023711297739968E-002   3.2488681893043339E-002   4.4760031402506513E-002   7.9769845000028844E-002  0.13332204439000744       0.15690491723650823       0.12234381054060900        6.8636092001045229E-002   3.8628607202361012E-002   2.8204538701733121E-002   2.6350507017792485E-002   2.8387124243325304E-002   3.2942747489780280E-002   3.9274059663529148E-002   4.5523615035303819E-002   4.8534924494062659E-002   4.6632524666796481E-002   4.1307954185287203E-002   3.5292923898325723E-002   3.0805124364010561E-002   2.8416969716821887E-002   2.8895522449038678E-002   3.6492380717910680E-002   6.3416026232387027E-002  0.12307502085731617       0.19199749402650623       0.22207032964274284       0.19993752613696192       0.13917358756332499        7.7889021906958775E-002   4.3817636636097335E-002   3.6637651883026721E-002   6.7562949614662235E-002  0.23244017873265560       0.71114233825235174       0.93155550942439391       0.98462030210826212       0.99454407169341807       0.99526298108392686       0.99316720030595174     
  0.99068038276313541       0.97306589346470851       0.92221230800331999       0.78133875653746410       0.48298344181571840       0.19580431205298315        6.8855667568413589E-002   2.7698973629114013E-002   1.6728048671649082E-002   1.6337285924276603E-002   2.1045151945725166E-002   2.9136127290896690E-002   3.8751568157595631E-002   4.5518087297047295E-002   4.6240445559412827E-002   4.3777667650154388E-002   4.5817015869607763E-002   5.9142283725444993E-002   7.7778248028848640E-002   8.6699713832953204E-002   7.9018578391713765E-002   5.9592184740869317E-002   4.0273391877494367E-002   3.0082855847108701E-002   2.6379195843274011E-002   2.5968724623042706E-002   2.8491376218572072E-002   3.5311830566162668E-002   4.4947951710154956E-002   4.9255997347460591E-002   4.3791460595791067E-002   3.5629161997060850E-002   3.3565201210303694E-002   3.9633487766178012E-002   5.1439905379906538E-002   6.5623485262030185E-002   7.9874121919427138E-002   9.0109347924062916E-002   9.0165300506603707E-002   7.7060349995113797E-002   5.6602159284706140E-002   4.1136025264263534E-002   3.3318473097615653E-002   2.9174655422425373E-002   2.6596869240720227E-002   2.5217933879693160E-002   2.5894967817990430E-002   3.0789398361317232E-002   4.1796847405228266E-002   5.5063520097531439E-002   6.2247288897983429E-002   5.9655725335814196E-002   4.9352841353405445E-002   3.8165398589513830E-002   3.2281723302703402E-002   3.8216067708711825E-002   8.7728695652248015E-002  0.32169732285412322       0.82788039132226299       0.97331390439431165       0.99859935653157805       0.99998998641967773       0.99998998641967773       0.99736160519036576     
  0.96967120586251121       0.90463891688609122       0.72977910286368142       0.40449393623082780       0.16177466903365970        5.9861666978368491E-002   2.6245185501911232E-002   1.7775874482870015E-002   2.0101998186580133E-002   3.1912429071170798E-002   5.5171594530272795E-002   8.9241194609934404E-002  0.12759378304855284       0.14662205588822999       0.12929908393355433        8.9479230030348203E-002   5.6734086026208948E-002   4.3288697600865060E-002   4.0659055692513699E-002   4.0024511096253407E-002   3.8103087288556284E-002   3.5299438118739486E-002   3.2875362569396049E-002   3.1325338205587909E-002   3.0108241923929874E-002   2.8980811742801947E-002   2.8313082363227347E-002   2.8786374899027384E-002   3.0826655836813485E-002   3.4504168318778825E-002   4.1059105134524966E-002   5.3977096694114109E-002   8.1086976490337553E-002  0.13189915766992241       0.19705636763705353       0.25953608384047039       0.31231387767975827       0.34126026628101402       0.32328156695529081       0.24698267682816410       0.13709061887363513        6.3827704076321434E-002   3.7867774752774204E-002   2.9110262975865414E-002   2.5081418651437606E-002   2.2589241883835893E-002   2.1299073077385804E-002   2.1799779569061331E-002   2.4923409831291633E-002   3.0883375776003502E-002   3.8677445460525969E-002   4.5763722784338247E-002   4.8253288112819634E-002   4.4529900539458545E-002   3.9393234910759890E-002   4.4964361759127540E-002  0.10173919191569694       0.36847899001390588       0.85977671045796211       0.98234988655630384       0.99998998641967773       0.99998998641967773       0.99892280145039947       0.99168057428335410     
  0.88303122846947157       0.67484383525189251       0.33279634887749626       0.12592764253991259        4.7699493764609219E-002   2.3083735324369036E-002   1.7848981565570788E-002   2.3119199037421372E-002   4.5932269755468935E-002  0.10588222731293806       0.21450442847754325       0.35556914937772938       0.49918543094073081       0.55482877297417010       0.47163546362270314       0.28892433509881715       0.12705999797661754        5.7150267981901731E-002   3.7472893541681582E-002   3.3810877581561850E-002   3.7317111854030201E-002   4.7387324893684767E-002   5.9981071226105992E-002   6.8715927339557989E-002   7.1797129341859001E-002   7.0658168303867050E-002   6.8045042832103539E-002   6.7285204088430070E-002   7.2998428367118687E-002   9.2652860979714036E-002  0.13521833377312628       0.20597365592813671       0.32581156181976073       0.51992847153085087       0.69734041794145230       0.79171998802550803       0.83599205440207469       0.85201661744248658       0.83147813982646601       0.71734026463028644       0.40590572523338492       0.13126295027803628        5.0526452561533194E-002   3.0277737621720004E-002   2.3577024607341197E-002   2.0093060212537733E-002   1.8354956751741980E-002   1.9372131973031788E-002   2.5936661056894100E-002   4.2676722611575173E-002   7.2120215881159785E-002  0.10585343211621512       0.12267591281148117       0.10689181332782134        7.4877743808677913E-002   5.9282106548632425E-002  0.10403321734170622       0.34956198196122584       0.83937435938851290       0.97538750958079701       0.99867074204371764       0.99846083685605969       0.98971359908284884       0.96249664687211456     
  0.60714471927602187       0.27861728564492150       0.10087156275866470        3.7882270342033432E-002   1.9525662321749446E-002   1.6526076331846658E-002   2.2227929674394315E-002   4.8074252247794422E-002  0.14308431783668796       0.37966974996636305       0.67644416727393486       0.83011010336534985       0.89518968047451797       0.91169702529002894       0.87130400957135290       0.70486067568522381       0.32352991291500643       0.10180730500836382        4.7021750746780645E-002   4.3694792611150571E-002   7.1300499024342406E-002  0.13650391948298071       0.21388000296437032       0.26558286373782036       0.28744353756921137       0.28902887062318988       0.28306963322229506       0.28349776588313336       0.30918050297629812       0.38880888926634516       0.53772805704662674       0.69365189877789502       0.80426701131377731       0.88364595892962550       0.93512983818235085       0.96191790023017942       0.97531032749624136       0.98092531499812441       0.97521840707725371       0.92310534165536418       0.69570835881751159       0.22211153158754268        6.6818827591270183E-002   3.1797007730367331E-002   2.2193574435652806E-002   1.8261133122254504E-002   1.8022408683417115E-002   2.5722716076921743E-002   5.3581782725592622E-002  0.12473603494244763       0.24918072657341403       0.38204349265411341       0.44090863309162853       0.36659742108431292       0.21296554708078064        9.9795120374932850E-002   9.8039833414381619E-002  0.26517109504755798       0.72312027098601972       0.92280195816113364       0.96870798092060095       0.96789274376353107       0.93590985840154928       0.83882846866938721     
  0.21303738461332811        8.1745843364359805E-002   3.2271941907019715E-002   1.7459948199350706E-002   1.5092740487372237E-002   1.8930699056198715E-002   3.5891474671451540E-002  0.11024352288460931       0.38869582807848618       0.76480421489592032       0.92261637091425464       0.97119564267850433       0.98695582999005704       0.99052824153186858       0.97597722575920887       0.88994860940030918       0.55611876288059403       0.16196725195215894        6.5145676664576463E-002   7.9640911186147162E-002  0.20687650530193219       0.47744329848137962       0.70997443640245050       0.80073558097416586       0.82529498803806145       0.82650546096398669       0.82037606617921432       0.81574158887041726       0.82128451616912845       0.84481564079152127       0.88442623480967841       0.92306563792922569       0.95078260388017422       0.97052140205717441       0.98417113580128135       0.99284438495414118       0.99806834891828422       0.99998998641967773       0.99877871228124837       0.96441002484003036       0.78235570829985979       0.26181972534239950        7.3756124578400944E-002   3.2313251499052197E-002   2.2388114292589974E-002   2.1213439323383737E-002   3.0462033123972596E-002   6.7744522622610409E-002  0.17977169246776012       0.43020070984170466       0.71817477333942581       0.85050087219293002       0.88133268612178206       0.81743506571507829       0.56329477401057804       0.19426126010170672        9.4552889833984660E-002  0.15060938970607682       0.41094722861129807       0.69974960849427836       0.80440056599947996       0.79964419761149064       0.69888136548999091       0.45856782877183955     
   6.0327215128686260E-002   2.8883244430771827E-002   1.7382535369340278E-002   1.4777677370894169E-002   1.6483586080771086E-002   2.4010760435728036E-002   5.5635418052478125E-002  0.20215195624379123       0.67539215579576806       0.92478273722843019       0.98636850058312397       0.99803307598211732       0.99998998641967773       0.99998998641967773       0.99147508206837498       0.92562024275067878       0.63148242340435823       0.18723856828069699        8.4760930709776958E-002  0.15635015870150981       0.49838663843631392       0.82625972757945265       0.93904951597375408       0.96807435964568744       0.97339369783773866       0.97135856016634514       0.96645237143448492       0.96050188717552043       0.95527250096013883       0.95315107122729315       0.95529023640623811       0.96048600158243880       0.96765129159960739       0.97604584948924289       0.98413737693623926       0.99073074850392251       0.99524514921854590       0.99646705984796091       0.98861269344020508       0.93761786563534588       0.71529071684662471       0.22672596369184311        6.6979941354437189E-002   3.3661004835497048E-002   3.1359552873703463E-002   4.7529656951911171E-002   9.9303802380270895E-002  0.24047954004527983       0.53458277371109619       0.80926583815575370       0.93474473230684174       0.97859289253905324       0.98698117731808133       0.95211134454329605       0.76866667829597812       0.27375445049336394        9.3457801643441904E-002   7.6144048147169352E-002  0.13458261545521505       0.22671098955761060       0.28117087262069090       0.27234446068641560       0.21035375211931526       0.12485169769395162     
   2.7112634453373315E-002   1.9541230301869796E-002   1.6528362999399710E-002   1.6307837068593671E-002   1.8791652575675624E-002   2.8336522628021769E-002   7.0650736520539228E-002  0.26612836762495923       0.79417618449065874       0.96822398801181853       0.99985214801946565       0.99998998641967773       0.99998998641967773       0.99739104061058348       0.97766674244933394       0.87931375286738434       0.51908329355769411       0.15533320930390820        9.3514740198819363E-002  0.23420160084963368       0.72258236842114565       0.94220791221776146       0.99183457753492044       0.99935145077739740       0.99911820275740448       0.99527770611104749       0.98788097684384768       0.97546555826958292       0.95670177135796941       0.93506501980665968       0.91611778783346609       0.90628902909082865       0.90997936009363845       0.92385140617520634       0.93988208908516890       0.95245449826829420       0.95881527805594646       0.95404908813981837       0.92012688216190375       0.79680310166338497       0.46446538257250158       0.14242306832758200        5.4695190350161425E-002   4.5224673336077423E-002   7.7723045339061533E-002  0.17141014723484194       0.36223673399063400       0.65554027047518315       0.85738865790370766       0.95026874660606475       0.98601798821423481       0.99870187176541059       0.99741512747408767       0.96125970136336292       0.77940451738768290       0.27273844780575951        8.4875555515203774E-002   4.9458843547384994E-002   5.4126838112645244E-002   6.9714746114312484E-002   7.9170765883123259E-002   7.5189632572786921E-002   6.0046072167383370E-002   4.1288747930780301E-002
   2.7383051415669130E-002   2.4767977367521510E-002   2.2255973882593625E-002   2.0575939239716737E-002   2.1466456580040184E-002   3.0108618473479804E-002   7.2060044490194902E-002  0.26605295031243742       0.78913851040917493       0.96522300134599226       0.99814030056537850       0.99925524561195089       0.99330559390496576       0.97543657097161296       0.91465651558815020       0.71082700517129860       0.29369000370883686        9.6666895838382935E-002   8.5389693246293974E-002  0.25552760985085360       0.77327567176104484       0.96228509201099732       0.99881845478959219       0.99998998641967773       0.99854167783680303       0.98956516880234391       0.96810540363265318       0.92336562465250349       0.84476659445475155       0.75396503905988610       0.67498277339631729       0.62938379497838137       0.63314217566367303       0.67423167936370154       0.72302682519997963       0.75896889688593450       0.77248899649926284       0.74760141608259623       0.63999973342383065       0.40550706729270636       0.18066662790729018        7.3561102863020950E-002   5.2987005566131805E-002   9.0519796999936231E-002  0.24881780934550621       0.55020838262777705       0.78985259306977718       0.90959473134864588       0.96163542217972009       0.98163930244295483       0.98727578655377102       0.98382802801507130       0.96417276657758089       0.88719035016019043       0.62007224488122903       0.19558382585714640        6.5524366355362254E-002   3.8910059579105809E-002   3.5431300083464776E-002   3.6723619501351439E-002   3.7395314059798783E-002   3.5908074709819021E-002   3.3009967984119370E-002   3.0044724725907860E-002
   5.9669633462938285E-002   5.9387832853273904E-002   5.0858667115433430E-002   3.8693095580075283E-002   2.9954058059461688E-002   3.1262827782775005E-002   5.9723683328825827E-002  0.19848842304822034       0.64382463886294028       0.89692973655320785       0.96143664336654278       0.96695783604923347       0.94466730816520306       0.87542294240019780       0.69773498523074917       0.35848769409210840       0.12358385936200152        5.4271072344909292E-002   6.7120644132253049E-002  0.20945895700753794       0.67988828085209985       0.92309383665558931       0.98035883439310789       0.98628225438971262       0.97529149725152398       0.94188856637863683       0.85876134668694204       0.68789912790704344       0.42545700747829268       0.24374380737814569       0.16754281590916359       0.14177462739663743       0.14318352177380478       0.16169419493453757       0.18774279977948499       0.21184499178396665       0.22468120818011897       0.21570412390624974       0.17629498574417010       0.11433375076384876        6.6236705225631423E-002   4.9278097327550056E-002   6.9791350877233899E-002  0.19125554208439188       0.58393219425086518       0.86082160030223109       0.95116225101603236       0.97591223891496415       0.97774664575679915       0.96660172954839274       0.94323359563080866       0.89862256326563894       0.81080637883213313       0.61804731646617983       0.29382535994652453        9.8901731791868466E-002   4.5029390869982477E-002   3.3137588647270656E-002   3.0814922243591090E-002   3.0521956070358635E-002   3.0900171784907587E-002   3.2991298052227308E-002   3.9649508403852188E-002   5.1134494464002034E-002
  0.22366837612208096       0.23297057566413001       0.19586536065084817       0.13070562399130933        7.2846865248367421E-002   4.3983045646747411E-002   4.5966878561165748E-002  0.10408335077173723       0.31749250166454124       0.63012958024086152       0.77505058063138099       0.79193402752315067       0.71951096225406186       0.52504732955602451       0.27504171179409925       0.11638218936422033        5.0301805865670401E-002   3.4445626277219428E-002   4.7326781138887407E-002  0.12378673647967960       0.40183411569384403       0.73966078556692572       0.86568952476959593       0.88453462921482096       0.84420841879766562       0.72909347284255921       0.48862668041198976       0.24213340686286056       0.10912774733618334        5.3063619825146194E-002   3.3762876473625088E-002   2.9544068005354730E-002   3.2229017527043810E-002   3.8367353453939879E-002   4.5420811579130436E-002   5.1468191456742009E-002   5.5391671463673096E-002   5.5614900114530907E-002   5.0817817949307717E-002   4.3062106159762387E-002   3.9090037548923200E-002   4.6449475934098206E-002   9.0341328917473179E-002  0.28411348127375174       0.77283902034749263       0.95102796272377244       0.98286462361596694       0.97245555554749352       0.93496661024280714       0.85943476116730400       0.74153790868676261       0.56189471424539528       0.35116824505373623       0.19769966435596537        9.5335900486843914E-002   4.8152904911640024E-002   3.4036791350808643E-002   3.0507334739382344E-002   2.9699481805926214E-002   3.0112644120573944E-002   3.3497842912003188E-002   4.7379418572185618E-002   9.0048334102660402E-002  0.16544660259054242     
  0.74192557604680676       0.76857436103426124       0.69520932880538078       0.49770100204312895       0.26049390442498743       0.11241487653613877        5.4525227275425497E-002   5.3679624093018477E-002  0.10213895756579287       0.18933543468804198       0.25211003598989079       0.25967174537134496       0.21654483346710215       0.14412379817138332        7.8732504838704642E-002   4.3027218821590489E-002   2.9590304347796297E-002   2.7906719870061738E-002   3.4765769197230213E-002   6.1280949330367651E-002  0.14418650987654572       0.29319149163411179       0.42352904565663846       0.45048742378785128       0.36807024740425909       0.24441474263854862       0.13408624243208428        6.3443590526296528E-002   3.1555817513105398E-002   2.2245946407488486E-002   2.6015279190601134E-002   3.6570245182171980E-002   4.6321130480267488E-002   5.0445331578917486E-002   4.7044720336692998E-002   3.8432829329054230E-002   3.1674673939199947E-002   2.9294293723171647E-002   2.9273250940154115E-002   3.0567778853012574E-002   3.4458222611784363E-002   4.6473995348971169E-002   9.2871825281425222E-002  0.28509947931641061       0.75768708061220780       0.92807513129253383       0.94070425936355495       0.87856817807388032       0.72929499323481617       0.47397650891687559       0.25877430658969286       0.14830621700470373        8.8820036294620375E-002   5.8421873069879622E-002   4.2683125013992816E-002   3.5832004109697918E-002   3.2846444232357490E-002   3.1003470154518403E-002   3.0188352323194154E-002   3.1915213920140025E-002   4.3411268595984299E-002   9.5378749358891388E-002  0.27869069930899348       0.57613110809524404     
  0.95163456256458601       0.96113802501848045       0.93899663328628646       0.86660156380140874       0.68335547792810492       0.34558851333734147       0.12092246006772435        5.1533568257069201E-002   4.5475389603519489E-002   5.9409066940156234E-002   7.1820816493529768E-002   7.3231418865548528E-002   6.3682424675795185E-002   4.8647401146842920E-002   3.5632306772297812E-002   2.8568532911722223E-002   2.6351615418404018E-002   2.7147628336239533E-002   3.0565597124251352E-002   3.9108802853780850E-002   5.9189966098133005E-002   9.2356710710879752E-002  0.12180568622286574       0.12518326357333887       0.10090064600456457        6.8474104599354463E-002   4.2408276466324592E-002   2.8020466845209240E-002   2.7295974412386702E-002   4.6156335475964816E-002   9.3295314386130632E-002  0.15955752065844672       0.20626216713245696       0.21340746142208686       0.17572532603632976       0.10735293375737537        5.5078063106310471E-002   3.4223351379403348E-002   2.9117151098279209E-002   2.9803590990567189E-002   3.3740629814428526E-002   4.3488124189911319E-002   7.4176697615734533E-002  0.18765652877700270       0.50705007983815487       0.71679750902298422       0.70612758644148432       0.52203915962394154       0.27664590989422144       0.12913631241564594        6.3001089981328140E-002   3.9580189625248556E-002   3.5041964820703118E-002   4.0704272255926988E-002   4.9100023361652090E-002   5.1662099526064403E-002   4.5815566253144382E-002   3.7602791630745903E-002   3.2880131534505606E-002   3.5371605998924888E-002   6.0947709111284117E-002  0.18769176372460747       0.60642636161219787       0.87612098472872313     
  0.99489813862443410       0.99758432856008949       0.99203839657096582       0.97275983515408215       0.90897602920364273       0.70349580665093869       0.29780479007439553        8.8221080620863077E-002   4.0491317528300708E-002   3.5270577158995890E-002   3.7802450161576608E-002   3.9625335099495423E-002   3.8821528579461625E-002   3.5603080594811654E-002   3.1662225008095533E-002   2.8816448359184604E-002   2.7783788162346418E-002   2.8505632087193540E-002   3.1061789737712689E-002   3.6181721287709377E-002   4.4393910638369227E-002   5.3096495323612193E-002   5.7018901873469724E-002   5.2850000912282737E-002   4.3380237087733593E-002   3.3994016917922254E-002   2.8199131410002864E-002   3.0569438312820656E-002   5.6801750258015024E-002  0.15581619714322056       0.37123652531016332       0.62214451825203376       0.74329818247303880       0.75193590782728092       0.64577912862634990       0.38537647231425631       0.14917997964151633        5.8136494956490765E-002   3.5039883761097311E-002   3.1320762394995330E-002   3.3888316063622706E-002   4.1284541134528299E-002   5.7425844560708567E-002   9.6217210440608658E-002  0.17942789552455407       0.23870334802345225       0.21637092205839545       0.14186566955990293        7.2603606276368263E-002   3.6421987339446987E-002   2.3988195485521550E-002   2.7438646884236209E-002   4.8515156778345163E-002   9.0692841958170206E-002  0.13651844737279503       0.14639539635127674       0.11090447682075723        6.6624745943362124E-002   4.1977425032803696E-002   3.9756030690564659E-002   7.6687540390208878E-002  0.26731393092004146       0.78143867875385020       0.95965836984595099     
  0.99998998641967773       0.99998998641967773       0.99998998641967773       0.99590788736249813       0.97578379157407469       0.88663962820433384       0.56875679014553504       0.16128596372003279        5.2849055676881494E-002   3.5093977027512949E-002   3.6588447713207448E-002   4.2373662863609281E-002   4.6934219393890746E-002   4.5882983981837211E-002   3.9855503220878725E-002   3.3593752976180634E-002   3.0469406513174271E-002   3.0960010900819696E-002   3.5998659402215416E-002   4.8734841981606561E-002   6.9119185194679314E-002   8.2597631103864977E-002   7.7702498460876443E-002   5.8558272193287318E-002   4.0902852259922684E-002   3.2173966648823035E-002   3.1360147071169638E-002   4.7457206174791773E-002  0.13150851052977441       0.43819410112336182       0.78247444581732462       0.91806916885649104       0.95764523393552781       0.95971931831241586       0.92016482108618358       0.75965893377645621       0.35210689692426494       0.10588578154562889        4.5065384054822209E-002   3.4378547244374863E-002   3.8245611703671127E-002   5.2032143872368278E-002   7.2980158840795825E-002   9.2259407497385634E-002  0.10296573669842522        9.4400393381936426E-002   7.1114946223219441E-002   4.6198176200914702E-002   2.8411088268493378E-002   2.0798536059932784E-002   2.4283558090928307E-002   5.0442111818938637E-002  0.13886485996400047       0.31532099415040898       0.49173097814464661       0.52013131772030918       0.37347335168820078       0.18030546117595986        7.1620697854335294E-002   4.6195347427069287E-002   8.2336202244250631E-002  0.29446313661256163       0.82221777842931931       0.97423680564105419     
  0.99746585833708179       0.99998998641967773       0.99998998641967773       0.99998998641967773       0.99414419201064463       0.95148087149510985       0.74741976775245900       0.23597501954559832        6.9257507591049067E-002   4.1273691232678815E-002   4.7674164273072125E-002   7.0178308063551784E-002   9.3335471911686910E-002   9.3616275590240078E-002   7.0809187280663502E-002   4.6414569129392722E-002   3.5029946945981265E-002   3.5639218238966000E-002   5.2343886592442816E-002  0.10619263497529909       0.20426220194808567       0.26469612519696761       0.23834543237918707       0.14606034009223420        6.8885877070596388E-002   4.1099551744756518E-002   3.8784616823206136E-002   6.9557523604060173E-002  0.22881480935577361       0.71249999055681279       0.93586844653999723       0.98910129967032934       0.99891814080915742       0.99945350303604863       0.98486472422177662       0.89818916793188919       0.54731436635452746       0.15549904771032322        5.5404535050821803E-002   4.1806119631637183E-002   6.1692967734083379E-002  0.12024106601941716       0.20172801274586286       0.24404198687594131       0.21392217241819061       0.13047275695987270        6.3711468349194250E-002   3.3801607932708838E-002   2.2907367476231219E-002   2.2247697777016393E-002   3.8438999983587969E-002  0.11773902200413167       0.40176829510519141       0.75163311126984700       0.88569963057468004       0.89720101694405074       0.79468141514760215       0.47549114025957434       0.14490392460654181        5.7686060304081549E-002   7.6657481286091525E-002  0.26543170326889642       0.79051103340804429       0.96473671995840260     
  0.98759717945659575       0.99917254079417950       0.99998998641967773       0.99998998641967773       0.99909998037548131       0.96981994522938131       0.80592424323016076       0.27619320509637368        8.0369920920638133E-002   5.1097789376845240E-002   8.0412614640574642E-002  0.17718638200935444       0.28463779209548640       0.29266251984330088       0.19790089705845387        9.1924314556420389E-002   4.7097723393398100E-002   4.5776700397682051E-002   9.7151716139849534E-002  0.29858475081639885       0.63745652286146803       0.77577092759826349       0.72306667639179434       0.45360166111365896       0.15574313718993030        6.1431573283905312E-002   4.6641373842226087E-002   8.3418643933054815E-002  0.28167593978877092       0.80127234345289089       0.96938166189855846       0.99998998641967773       0.99998998641967773       0.99998998641967773       0.98920391876997871       0.91014403485157525       0.57013234117796030       0.16178897713326806        6.0291512348000557E-002   6.2867500995873155E-002  0.15214023951493610       0.38898664767440116       0.65246695446493230       0.74075270557161033       0.65797689341799048       0.38726113799902501       0.14144538389968814        4.9999637624694324E-002   2.7066292618694358E-002   2.7755577164625834E-002   6.0836561619573216E-002  0.22356088375834099       0.69911636049519854       0.92875813736913526       0.98436899210914230       0.98713002283146201       0.94081222830527023       0.72938332766785330       0.23451104092527311        7.0705678028560565E-002   6.3031500916353220E-002  0.19584040455553811       0.66579975881565268       0.92508349461463069     
  0.95225749463864684       0.99002655291269737       0.99895399905760729       0.99998998641967773       0.99766658520167284       0.96294053704105587       0.78350474985384622       0.26279009088946831        8.0139547804777625E-002   6.4968518638616718E-002  0.15862353472937268       0.48857529070578493       0.75348405453765976       0.77619834748842242       0.58514470381392980       0.24030565434516088        8.1004766099370407E-002   6.2101725599427941E-002  0.16323515013215811       0.56570318664536967       0.88685244332800339       0.96465451618476761       0.93957037171417834       0.75633828024927285       0.28018461468387856        8.8511012520876939E-002   5.2108307334411699E-002   8.0699301371486884E-002  0.25862888112763333       0.76015266659021552       0.95212181526202544       0.99255574132864111       0.99641093154064653       0.98986910838818587       0.95859157655761351       0.82510841735990248       0.41251371588720609       0.12068192943901876        6.1197931957707133E-002  0.11139107254136274       0.36815731559189119       0.75951246600318112       0.91791311642893791       0.95196730469075963       0.91703713266462428       0.74638966674305129       0.33146243670428166        9.3082563558009285E-002   3.6522424934487797E-002   3.4326349437033603E-002   8.4645582765889446E-002  0.32626485195821608       0.82805111175812052       0.97384471651044080       0.99998998641967773       0.99998998641967773       0.97396327143391825       0.82134414893265706       0.29466643287094169        7.8642341444095695E-002   4.7098994408248329E-002  0.11251609351169052       0.40765842792961043       0.80725662864648806     
  0.82672547150808939       0.94157850446853164       0.97647006396315106       0.98426871235079094       0.97299578847176815       0.90482797658106751       0.64171962867676591       0.19483542143722860        6.6734048847081714E-002   7.3758180566170034E-002  0.23472006893760958       0.73083755448322896       0.93139255520631803       0.95039519402016970       0.84904094437751199       0.50078370535467276       0.15037131682858218        7.8510810794423569E-002  0.19145991346531102       0.65891283104052389       0.93804449060767492       0.99796525836143091       0.98279035486780408       0.84281124680237374       0.34650493408088295       0.10342594076702004        5.2328874300040629E-002   6.4189970976935656E-002  0.17311172246778722       0.55143942735879170       0.84388410358138077       0.93680198181916641       0.95168106953254861       0.92479074276777984       0.82613741941227625       0.56449992264309157       0.20687813026242066        7.2648149380900875E-002   6.3027572594220940E-002  0.17719931635902555       0.61887767835590413       0.91146996177424633       0.98493159412810982       0.99633228663043805       0.98332623314970591       0.89897703856232558       0.56581090288436464       0.15325343691645402        4.8723709492535579E-002   4.0484789726744130E-002  0.10427120782700727       0.40466179479629844       0.87250197446731648       0.98411080041943289       0.99998998641967773       0.99998998641967773       0.97943745453928277       0.84371111082680983       0.31760104704032660        8.0301379768144554E-002   3.5661561986582400E-002   5.5752177407142202E-002  0.18043769001519308       0.52511979076634618     
  0.47369153296744493       0.73387575604684463       0.84322252374416706       0.87072567694409664       0.83522804857318145       0.68077963653773843       0.33471624711055714       0.10363883314708322        4.6634412909802497E-002   6.9754964131478567E-002  0.25505310036295031       0.79281333511582996       0.96353093229508657       0.98515330433098403       0.93825835809361391       0.72691609934901291       0.26326996991427198        9.6306374760538369E-002  0.15778336227423145       0.53525436250289660       0.87590063307705757       0.96540960839241841       0.95006646785637761       0.78555065949064562       0.30332313680602119        9.3667825530276777E-002   4.7392257073580454E-002   4.6290370222367393E-002   8.5079126882898176E-002  0.23004479483557808       0.49448953749841135       0.69213642397139452       0.73550504563416952       0.64982515147669584       0.42786288017558932       0.20421211031215172        8.0097625122333704E-002   4.3986750975256235E-002   6.3058007798672225E-002  0.21290802399184139       0.72241900078454224       0.95027726784832689       0.99717150418937051       0.99998998641967773       0.99551736971073701       0.93920140056525026       0.67410626274883767       0.18854120348155534        5.6377132892829959E-002   4.3960742640656573E-002  0.11247480034445999       0.43338061078923806       0.88321440098678261       0.98615636831113995       0.99998998641967773       0.99998998641967773       0.97783711008490259       0.83701399154820222       0.30694625386716223        7.6206018097602565E-002   2.9462964246403992E-002   2.9750974026988859E-002   6.7477971222181923E-002  0.19799439358283422     
  0.13800905230807020       0.25019330474119128       0.35490203977730700       0.40109648942372689       0.35275477700896890       0.23492220235002295       0.11147830725796797        4.7310179571477054E-002   3.1223737487681126E-002   5.7930627195086182E-002  0.23184581682649780       0.77577085727398387       0.95787696802834554       0.98777100873654189       0.96708861422037240       0.84986504061602730       0.45396975495997866       0.14054602561042998       0.10319639029497724       0.26979293399321874       0.61242044732254441       0.77963374042468558       0.75675269459746763       0.51955296397933237       0.18240013027601595        6.7857249006985268E-002   4.0616160481653105E-002   3.6328043678144600E-002   4.5078096109922611E-002   7.8689156761389281E-002  0.14600079089552212       0.21331474452843321       0.23253233299661383       0.19330400698970174       0.12194832101317631        6.5125527666749547E-002   3.7405120412354213E-002   3.2560015861492833E-002   5.7056011381210081E-002  0.19476683336413461       0.67702711992505160       0.93395158424578240       0.99241881845778246       0.99998998641967773       0.98934882055401552       0.91832025057609623       0.61938176372517861       0.17207871914525641        5.4254607001882178E-002   4.3238392304232660E-002  0.10496462807017048       0.39732063815293900       0.86669058336159088       0.98269219845293154       0.99998998641967773       0.99946672737961562       0.96726574739247784       0.79575815633638436       0.26550492326017172        6.6638826694896833E-002   2.6037219125486295E-002   2.0910659944644548E-002   2.9811198555642467E-002   6.2158129110844770E-002
   4.6280898395202517E-002   7.2042809707528715E-002   9.7948590303798877E-002  0.11021231008902786        9.8804321717348986E-002   7.1081148678194719E-002   4.3232206021877870E-002   2.6861830434764082E-002   2.2720897771350348E-002   4.5394794307920976E-002  0.19284013295120095       0.72049338421009401       0.94108495621888288       0.98440102787786232       0.97975688013568130       0.92330604871038635       0.69388813202361854       0.25918393925505329        9.2701429952613559E-002  0.10031490993906511       0.19138822922883406       0.26667128504819193       0.25899393471759247       0.17100861505004875        8.1206146859351583E-002   4.6108875181855399E-002   3.5386847438553588E-002   3.2633864634096101E-002   3.5038113903959348E-002   4.6687232410449128E-002   7.2260752608702461E-002  0.10194307355311012       0.11348441178757557        9.7828559149796962E-002   6.7220229376052695E-002   4.1750790237534592E-002   2.9729329112642131E-002   2.8927252554056076E-002   4.5525400947861873E-002  0.13216178742752338       0.46684714879020167       0.82795426776385539       0.94537301443469135       0.96640297896482552       0.93764095707143413       0.79831768028021699       0.40485368556250673       0.11547166764820410        4.4693027468022728E-002   3.9311578965240526E-002   8.5376447957761142E-002  0.30770186685241013       0.79883513246980564       0.96075944130937885       0.99219484218367737       0.98521739534247887       0.92199149172477846       0.66604032052242546       0.19473401464226409        5.2219501148824045E-002   2.3376436488577870E-002   1.8779181189714465E-002   2.0926699709111606E-002   2.9060107499108603E-002
   3.2996137641266417E-002   3.8573064458605706E-002   4.2885064008644315E-002   4.4343086410116861E-002   4.1191339244320772E-002   3.4363755320036993E-002   2.6714420544926169E-002   2.0654899559577333E-002   1.8697422499222544E-002   3.5771239081929272E-002  0.15411684811661716       0.63531998435297177       0.91900520788508977       0.98082634553454862       0.98696193825349221       0.96361615964057579       0.85449863539614779       0.49900611891186186       0.15417378618085131        6.4138041901677822E-002   6.4338182996085763E-002   7.8585327670361915E-002   7.8860366526692441E-002   6.2764655149526116E-002   4.5207021963628316E-002   3.6411414244190109E-002   3.2951754361205877E-002   3.3079346106678217E-002   4.0779756303197703E-002   7.0554303097190504E-002  0.14242730210419968       0.22860962786366718       0.26769114686723122       0.23772921414467255       0.15748776116010357        7.8601413282305604E-002   4.0395934837116745E-002   3.0276268989178391E-002   3.5509779815837868E-002   7.0782463108323118E-002  0.20743697581191409       0.50678429192222374       0.73154235720348171       0.78642549179766241       0.71226265168788561       0.46234653543560261       0.17962589870963111        6.4234089029013605E-002   3.5795207815365965E-002   3.4906928904998816E-002   6.2030951581144675E-002  0.19269659040536818       0.59519886205031347       0.85690177470647799       0.92719393874826794       0.90294293578096774       0.75467536643340571       0.38284909617937612       0.10865370033868531        3.6260192907449883E-002   2.1319820406020616E-002   1.9835786784984918E-002   2.2579629300797134E-002   2.7333123873883317E-002
   5.9849413799698145E-002   5.4583282769944633E-002   4.3674969343138206E-002   3.5716387469464247E-002   3.1063837159253281E-002   2.7206465333361986E-002   2.3223476868220606E-002   1.9344944215808877E-002   1.7617681705491054E-002   3.0273259477254132E-002  0.12300848067421274       0.53403372522283110       0.89573169105996275       0.97878957349654505       0.99210901238059956       0.98465409256769387       0.93910587606457219       0.74862648809347077       0.30002864266717783        8.6389338690352854E-002   4.2871491914792649E-002   3.9063895317104649E-002   3.9619454120406447E-002   3.7762021503456193E-002   3.4859443941438209E-002   3.2910313942366223E-002   3.2699144276157950E-002   3.8174719205354125E-002   6.7644149541609883E-002  0.18471458065905044       0.46329647782111399       0.70907181044855749       0.78428957240092423       0.73735485112361820       0.53543585728254139       0.23933796634388430        8.1358996488025623E-002   3.8772935353500328E-002   3.2043186549347832E-002   4.0877592433123118E-002   7.5291171689404371E-002  0.15195379837143119       0.23231033131772022       0.26117467656531174       0.22335150974887250       0.13962111419186513        6.9039117561576019E-002   3.9814303513166040E-002   3.1889962758505121E-002   3.2418921580913203E-002   4.3620379286738252E-002   9.2133401101364518E-002  0.25128119702969670       0.49886245669288598       0.63436636797627688       0.57205863223565323       0.34575709131784804       0.14111565239553400        5.0751272452029567E-002   2.5978146958565498E-002   2.2769333843979511E-002   2.8879028695312260E-002   4.1386164798075879E-002   5.4364964883678084E-002
